id_leggo,interesse,nome_interesse,apelido,keywords,tema,tema_slug,advocacy_link,tipo_agenda
1,primeira-infancia,Primeira Infância,NA,-,Educação Infantil;Segurança e Proteção;Parentalidade;Nutrição Adequada;Saúde,educacao-infantil;seguranca-e-protecao;parentalidade;nutricao-adequada;saude,NA,Positiva
2,primeira-infancia,Primeira Infância,NA,caráter permanente;revogação;estado (nação);participação;ato das disposições constitucionais transitórias;política social;sociedade;acompanhamento;formulação;constituição federal (1988);texto constitucional;planejamento;fundo de manutenção e desenvolvimento da educação básica e de valorização dos profissionais da educação (fundeb);dispositivo,Educação Infantil,educacao-infantil,NA,Positiva
2,leggo,RAC,Tornar o FUNDEB permanente (Câmara),NA,Educação,educacao,NA,NA
2,congresso-remoto,Congresso Remoto,NA,NA,Direitos Humanos,direitos-humanos,NA,NA
3,primeira-infancia,Primeira Infância,NA,-,Educação Infantil;Segurança e Proteção;Parentalidade;Nutrição Adequada;Saúde,educacao-infantil;seguranca-e-protecao;parentalidade;nutricao-adequada;saude,NA,Positiva
4,primeira-infancia,Primeira Infância,NA,-,Educação Infantil,educacao-infantil,NA,Positiva
6,primeira-infancia,Primeira Infância,NA,ldb;alteração;nível médio;ensino fundamental;educação infantil;obrigatoriedade;educador assistente,Educação Infantil,educacao-infantil,NA,Positiva
7,primeira-infancia,Primeira Infância,NA,-,Educação Infantil;Saúde,educacao-infantil;saude,NA,NA
8,primeira-infancia,Primeira Infância,NA,-,Segurança e Proteção,seguranca-e-protecao,NA,Positiva
9,primeira-infancia,Primeira Infância,NA,-,Educação Infantil,educacao-infantil,NA,Positiva
10,primeira-infancia,Primeira Infância,NA,instituição de ensino particular;psicólogo educacional;escola pública;contratação;educação básica;aluno;obrigatoriedade,Parentalidade;Educação Infantil,parentalidade;educacao-infantil,NA,Positiva
11,primeira-infancia,Primeira Infância,NA,-,Educação Infantil,educacao-infantil,NA,NA
12,primeira-infancia,Primeira Infância,NA,-,Segurança e Proteção,seguranca-e-protecao,NA,Positiva
13,primeira-infancia,Primeira Infância,NA,-,Parentalidade;Educação Infantil,parentalidade;educacao-infantil,NA,Positiva
14,primeira-infancia,Primeira Infância,NA,-,Educação Infantil,educacao-infantil,NA,Positiva
15,primeira-infancia,Primeira Infância,NA,vara da infância e da juventude;procedimento;assistência;adolescente;criação;criança;cadastramento;critério;casa de abrigo;apadrinhamento afetivo,Parentalidade,parentalidade,NA,Positiva
16,primeira-infancia,Primeira Infância,NA,-,Educação Infantil;Parentalidade,educacao-infantil;parentalidade,NA,Positiva
18,primeira-infancia,Primeira Infância,NA,gratuidade;sistema único de saúde (sus);criança;transtorno do déficit de atenção com hiperatividade;medicamento;obrigatoriedade,Saúde,saude,NA,Positiva
19,primeira-infancia,Primeira Infância,NA,-,Educação Infantil,educacao-infantil,NA,NA
19,congresso-remoto,Congresso Remoto,NA,NA,Outros,outros,NA,NA
20,primeira-infancia,Primeira Infância,NA,-,"Educação Infantil, Segurança e proteção","educacao-infantil,-seguranca-e-protecao",NA,NA
21,primeira-infancia,Primeira Infância,NA,fmcsv_primeira_infância,Educação Infantil,educacao-infantil,NA,Negativa
22,primeira-infancia,Primeira Infância,NA,-,Parentalidade,parentalidade,NA,Positiva
23,primeira-infancia,Primeira Infância,NA,-,Educação infantil;Parentalidade;Saúde;Segurança e Proteção;Nutrição Adequada,educacao-infantil;parentalidade;saude;seguranca-e-protecao;nutricao-adequada,NA,Positiva
24,primeira-infancia,Primeira Infância,NA,-,Saúde,saude,NA,Negativa
25,primeira-infancia,Primeira Infância,NA,adoção judicial;inclusão;critérios;concessão;dispensa sem justa causa;contagem;fixação;nascimento;regulamentação;pai adotivo;licença-paternidade;proibição;consolidação das leis do trabalho (clt);férias;data;constituição federal;alteração;benefíciário;período;simultaneidade;filho;empregado,Parentalidade,parentalidade,NA,Positiva
26,primeira-infancia,Primeira Infância,NA,escola pública;estudante;política nacional;criação;assistência à saúde,Educação Infantil;Saúde,educacao-infantil;saude,NA,Positiva
27,primeira-infancia,Primeira Infância,NA,alimentação escolar;formação;incentivo;criação;pequeno produtor rural;conselho;regionalização;fundo nacional;(df);médio produtor rural;captação de recursos;recém-nascido;criança;programa nacional de apoio à infância;distribuição gratuita;gêneros alimentícios;redução;alimentação;gestante;alimentos;municípios;estados;migração;produção,Nutrição Adequada;Educação Infantil,nutricao-adequada;educacao-infantil,NA,Positiva
28,primeira-infancia,Primeira Infância,NA,-,Educação Infantil,educacao-infantil,NA,Positiva
29,primeira-infancia,Primeira Infância,NA,-,Parentalidade;Segurança e Proteção,parentalidade;seguranca-e-protecao,NA,NA
30,primeira-infancia,Primeira Infância,NA,-,Saúde,saude,NA,Positiva
31,primeira-infancia,Primeira Infância,NA,-,Educação Infantil,educacao-infantil,NA,NA
32,primeira-infancia,Primeira Infância,NA,-,Educação Infantil;Segurança e proteção,educacao-infantil;seguranca-e-protecao,NA,NA
33,primeira-infancia,Primeira Infância,NA,-,Educação Infantil;Segurança e Proteção;Parentalidade;Nutrição Adequada;Saúde,educacao-infantil;seguranca-e-protecao;parentalidade;nutricao-adequada;saude,NA,Positiva
34,primeira-infancia,Primeira Infância,NA,pessoa com necessidade educacional especial;diretrizes;política nacional de atendimento educacional especializado a crianças de 0 a 3 (três) anos (precoce);criação;garantia;capacitação;atendimento educacional especializado;profissional da educação;acesso,Educação Infantil,educacao-infantil,NA,Positiva
35,primeira-infancia,Primeira Infância,NA,falta injustificada;evasão escolar;alteração;estabelecimento de ensino;educação pré-escolar;aluno;notificação;dirigente;estatuto da criança e do adolescente (eca);conselho tutelar,Educação Infantil;Segurança e Proteção,educacao-infantil;seguranca-e-protecao,NA,Positiva
36,primeira-infancia,Primeira Infância,NA,-,Educação Infantil;Segurança e Proteção;Parentalidade;Nutrição Adequada;Saúde,educacao-infantil;seguranca-e-protecao;parentalidade;nutricao-adequada;saude,NA,Positiva
39,primeira-infancia,Primeira Infância,NA,-,Educação Infantil,educacao-infantil,NA,NA
39,primeira-infancia,Primeira Infância,NA,NA,Educação Infantil,educacao-infantil,NA,NA
40,primeira-infancia,Primeira Infância,NA,gratuidade;ldb;alteração;responsável legal;ensino público;redução;limite de idade;recenseamento;oferta;criança;garantia;educação especial;pai;aluno;educação infantil;matrícula;creche;pré-escola;deveres,Educação infantil,educacao-infantil,NA,NA
41,primeira-infancia,Primeira Infância,NA,-,Saúde e Segurança,saude-e-seguranca,NA,Positiva
42,primeira-infancia,Primeira Infância,NA,-,Educação Infantil;Saúde,educacao-infantil;saude,NA,NA
42,leggo,RAC,Escola Sem Partido,NA,Agenda Nacional,agenda-nacional,NA,NA
43,primeira-infancia,Primeira Infância,NA,-,Educação infantil,educacao-infantil,NA,NA
44,primeira-infancia,Primeira Infância,NA,-,Parentalidade;Saúde,parentalidade;saude,NA,Positiva
45,primeira-infancia,Primeira Infância,NA,_alteração;imposto sobre a renda e proventos de qualquer natureza (ir);população de baixa renda;fundo nacional de apoio à manutenção de crianças carentes em creches (funcreche);recursos;criação;inscrição;dedução;pessoa física;legislação tributária federal;programa nacional de apoio à manutenção de crianças carentes em creches (procreche);implementação;procedência;criança;doação;cadastro único para programas sociais do governo federal (cadúnico);finalidade;manutenção;projeto;captação;ministério da educação;fundo de natureza contábil,Educação Infantil;Aprendizagem Inicial,educacao-infantil;aprendizagem-inicial,NA,Positiva
46,primeira-infancia,Primeira Infância,NA,-,Educação Infantil;Saúde,educacao-infantil;saude,NA,Positiva
47,primeira-infancia,Primeira Infância,NA,recursos financeiros;município;alteração;lei da alimentação escolar;extrema pobreza;destinação;repasse;escola;critério;programa nacional de atividades espaciais (pnae),Educação Infantil;Aprendizagem Inicial;Nutrição Adequada,educacao-infantil;aprendizagem-inicial;nutricao-adequada,NA,Positiva
48,primeira-infancia,Primeira Infância,NA,responsável legal;alteração;integridade psicológica;integridade física;indício;criança;proteção;visita assistida;sofrimento psicológico;agressor;medida cautelar;pais;estatuto da criança e do adolescente (eca);faixa etária;abuso sexual,Segurança e Proteção;Parentalidade,seguranca-e-protecao;parentalidade,NA,Positiva
55,primeira-infancia,Primeira Infância,NA,fmcsv_caderneta_infantil,Educação Infantil;Saúde,educacao-infantil;saude,NA,Positiva
58,primeira-infancia,Primeira Infância,NA,FMCSV_Educação-Infantil; FMCSV_parentalidade,Educação Infantil;Saúde,educacao-infantil;saude,NA,Positiva
60,primeira-infancia,Primeira Infância,NA,recursos financeiros;lei federal;alteração;lei do fundeb;educação;poder publico;convenio;(fundeb);fundo financeiro;escola comunitaria;calculo;educação infantil;matricula;instituição beneficente;distribuição,Educação Infantil,educacao-infantil,NA,Positiva
67,primeira-infancia,Primeira Infância,NA,-,Educação Infantil,educacao-infantil,NA,Negativa
68,primeira-infancia,Primeira Infância,NA,NA,Segurança e Proteção;Parentalidade,seguranca-e-protecao;parentalidade,NA,NA
69,primeira-infancia,Primeira Infância,NA,NA,Parentalidade,parentalidade,NA,NA
70,primeira-infancia,Primeira Infância,NA,NA,Educação Infantil,educacao-infantil,NA,NA
71,primeira-infancia,Primeira Infância,NA,NA,Segurança e proteção,seguranca-e-protecao,NA,NA
74,primeira-infancia,Primeira Infância,NA,NA,Educação infantil,educacao-infantil,NA,NA
75,primeira-infancia,Primeira Infância,NA,NA,Parentalidade,parentalidade,NA,NA
78,primeira-infancia,Primeira Infância,NA,NA,Parentalidade,parentalidade,NA,NA
79,primeira-infancia,Primeira Infância,NA,NA,Parentalidade;Educação Infantil,parentalidade;educacao-infantil,NA,NA
80,primeira-infancia,Primeira Infância,NA,NA,Segurança e Proteção,seguranca-e-protecao,NA,NA
80,congresso-remoto,Congresso Remoto,NA,NA,Outros,outros,NA,NA
81,primeira-infancia,Primeira Infância,NA,NA,Parenalidade,parenalidade,NA,NA
82,primeira-infancia,Primeira Infância,NA,NA,Parentalidade;Educação Infantil,parentalidade;educacao-infantil,NA,NA
83,primeira-infancia,Primeira Infância,NA,NA,Educação Infantil;Nutrição Adequada,educacao-infantil;nutricao-adequada,NA,NA
84,primeira-infancia,Primeira Infância,NA,NA,Saúde,saude,NA,NA
85,primeira-infancia,Primeira Infância,NA,NA,Parentalidade,parentalidade,NA,NA
86,primeira-infancia,Primeira Infância,NA,NA,Segurança e Proteção,seguranca-e-protecao,NA,NA
87,primeira-infancia,Primeira Infância,NA,NA,Parentalidade,parentalidade,NA,NA
88,primeira-infancia,Primeira Infância,NA,NA,Segurança e Proteção,seguranca-e-protecao,NA,NA
100,primeira-infancia,Primeira Infância,NA,NA,Parentalidade,parentalidade,NA,NA
101,primeira-infancia,Primeira Infância,NA,NA,Segurança e Proteção,seguranca-e-protecao,NA,NA
102,primeira-infancia,Primeira Infância,NA,NA,Educação Infantil,educacao-infantil,NA,Positiva
103,primeira-infancia,Primeira Infância,NA,NA,Segurança e Proteção;Saúde;Nutrição Adequada,seguranca-e-protecao;saude;nutricao-adequada,NA,Positiva
104,primeira-infancia,Primeira Infância,NA,NA,Saúde,saude,NA,Positiva
105,primeira-infancia,Primeira Infância,NA,NA,Parentalidade,parentalidade,NA,Positiva
106,primeira-infancia,Primeira Infância,NA,NA,Parentalidade,parentalidade,NA,Positiva
107,primeira-infancia,Primeira Infância,NA,NA,Segurança e Proteção,seguranca-e-protecao,NA,Positiva
109,primeira-infancia,Primeira Infância,NA,NA,Educação Infantil;Segurança e Proteção;Parentalidade;Nutrição Adequada;Saúde,educacao-infantil;seguranca-e-protecao;parentalidade;nutricao-adequada;saude,NA,Positiva
110,primeira-infancia,Primeira Infância,NA,NA,Educação Infantil;Segurança e Proteção;Parentalidade;Nutrição Adequada;Saúde,educacao-infantil;seguranca-e-protecao;parentalidade;nutricao-adequada;saude,NA,Positiva
111,primeira-infancia,Primeira Infância,NA,NA,Parentalidade,parentalidade,NA,Positiva
113,primeira-infancia,Primeira Infância,NA,NA,Parentalidade,parentalidade,NA,Positiva
114,primeira-infancia,Primeira Infância,NA,NA,Educação Infantil,educacao-infantil,NA,Positiva
117,primeira-infancia,Primeira Infância,NA,NA,Parentalidade,parentalidade,NA,Positiva
118,primeira-infancia,Primeira Infância,NA,NA,Segurança e Proteção,seguranca-e-protecao,NA,Positiva
119,primeira-infancia,Primeira Infância,NA,NA,Parentalidade,parentalidade,NA,NA
120,primeira-infancia,Primeira Infância,NA,NA,Segurança e proteção,seguranca-e-protecao,NA,NA
121,primeira-infancia,Primeira Infância,NA,NA,Educação Infantil;Segurança e Proteção;Parentalidade;Nutrição Adequada;Saúde,educacao-infantil;seguranca-e-protecao;parentalidade;nutricao-adequada;saude,NA,NA
122,primeira-infancia,Primeira Infância,NA,NA,Educação Infantil;Saúde,educacao-infantil;saude,NA,NA
123,primeira-infancia,Primeira Infância,NA,NA,Educação Infantil,educacao-infantil,NA,NA
124,primeira-infancia,Primeira Infância,NA,NA,Segurança e Proteção,seguranca-e-protecao,NA,NA
125,primeira-infancia,Primeira Infância,NA,NA,Parentalidade,parentalidade,NA,NA
126,primeira-infancia,Primeira Infância,NA,NA,Educação Infantil;Parentalidade,educacao-infantil;parentalidade,NA,NA
127,primeira-infancia,Primeira Infância,NA,NA,Segurança e Proteção,seguranca-e-protecao,NA,NA
128,primeira-infancia,Primeira Infância,NA,NA,Parentalidade,parentalidade,NA,NA
129,primeira-infancia,Primeira Infância,NA,NA,Nutrição Adequada;Segurança e Proteção,nutricao-adequada;seguranca-e-protecao,NA,NA
131,primeira-infancia,Primeira Infância,NA,NA,Parentalidade,parentalidade,NA,NA
134,primeira-infancia,Primeira Infância,NA,NA,Segurança e Proteção,seguranca-e-protecao,NA,NA
147,primeira-infancia,Primeira Infância,NA,NA,Saúde,saude,NA,NA
149,primeira-infancia,Primeira Infância,NA,NA,Educação Infantil;Nutrição Adequada,educacao-infantil;nutricao-adequada,NA,NA
153,primeira-infancia,Primeira Infância,NA,NA,Educação Infantil,educacao-infantil,NA,NA
157,leggo,RAC,10 Medidas Contra a Corrupção,NA,Integridade e Transparência,integridade-e-transparencia,NA,NA
158,leggo,RAC,Lei do Licenciamento Ambiental,NA,Meio Ambiente,meio-ambiente,NA,NA
158,congresso-remoto,Congresso Remoto,Licenciamento ambiental,NA,Desenvolvimento Socioambiental,desenvolvimento-socioambiental,https://www.socioambiental.org/pt-br/noticias-socioambientais/carta-publica-aponta-por-que-pl-que-desmonta-o-licenciamento-ambiental-no-brasil-nao-pode-ser-aprovado;  https://artigo19.org/blog/2016/12/14/pl-quer-fim-da-obrigatoriedade-de-audiencias-publicas-em-estudos-de-impacto-ambiental/;  https://www.wwf.org.br/informacoes/sala_de_imprensa/?uNewsID=70962,NA
160,leggo,RAC,Lei da Qualidade Fiscal,NA,Agenda Nacional,agenda-nacional,NA,NA
161,leggo,RAC,PL do Veneno,NA,Meio Ambiente,meio-ambiente,NA,NA
161,reforma-tributaria,Reforma Tributária,NA,NA,Socioambiental,socioambiental,NA,NA
162,leggo,RAC,Lei do Teto Remuneratório,NA,Agenda Nacional,agenda-nacional,NA,NA
163,leggo,RAC,Estatuto do Índio,NA,Meio Ambiente,meio-ambiente,NA,NA
164,leggo,RAC,Lei para Acabar Zona de Amortecimento,NA,Meio Ambiente,meio-ambiente,NA,NA
165,leggo,RAC,Política Governo de Redução de Agrotóxico,NA,Meio Ambiente,meio-ambiente,NA,NA
166,leggo,RAC,Modernização da Lei de Licitações e Contratos,NA,Agenda Nacional,agenda-nacional,NA,NA
168,leggo,RAC,Revogação do Estatuto do Desarmamento,NA,Agenda Nacional,agenda-nacional,NA,NA
169,leggo,RAC,Reforma da Previdência Temer,NA,Agenda Nacional,agenda-nacional,NA,NA
170,leggo,RAC,Revisão do contrato da cessão onerosa da Petrobras,NA,Agenda Nacional,agenda-nacional,NA,NA
171,leggo,RAC,Indenização Propriedades Privadas em Unidades de Conservação,NA,Meio Ambiente,meio-ambiente,NA,NA
172,leggo,RAC,Criação da Área de Proteção Ambiental de Canavieiras,NA,Meio Ambiente,meio-ambiente,NA,NA
173,leggo,RAC,Demarcações passam a ser competência exclusiva do Congresso,NA,Meio Ambiente,meio-ambiente,NA,NA
174,leggo,RAC,Lei do Pantanal - Molon,NA,Meio Ambiente,meio-ambiente,NA,NA
175,leggo,RAC,Lei do Cerrado,NA,Meio Ambiente,meio-ambiente,NA,NA
178,leggo,RAC,Lei das Agências Reguladoras,NA,Agenda Nacional,agenda-nacional,NA,NA
179,leggo,RAC,Deixa de incluir FUNDEF no limite de gastos com pessoal,NA,Educação,educacao,NA,NA
180,leggo,RAC,Piso salarial do magistério público da educação básica - Moura,NA,Educação,educacao,NA,NA
181,leggo,RAC,Piso salarial do magistério público da educação básica - Marchezan,NA,Educação,educacao,NA,NA
183,leggo,RAC,Autoriza trabalho a partir dos quatorze anos,NA,Direitos Humanos,direitos-humanos,NA,NA
185,leggo,RAC,Trabalho infantil artístico,NA,Direitos Humanos,direitos-humanos,NA,NA
187,leggo,RAC,Assinatura eletrônica em Leis de Iniciativa Popular,NA,Integridade e Transparência,integridade-e-transparencia,NA,NA
188,leggo,RAC,Nova Previdência,NA,Agenda Nacional,agenda-nacional,NA,NA
192,leggo,RAC,Pacote Moro Anticorrupção,NA,Agenda Nacional;Integridade e Transparência,agenda-nacional;integridade-e-transparencia,NA,NA
196,leggo,RAC,Disciplina a atividade de lobby,NA,Integridade e Transparência,integridade-e-transparencia,NA,NA
197,leggo,RAC,Pacote Moro Crime Organizado (Principal),NA,Agenda Nacional;Integridade e Transparência,agenda-nacional;integridade-e-transparencia,NA,NA
199,leggo,RAC,PNCMar,NA,Meio Ambiente,meio-ambiente,NA,NA
199,reforma-tributaria,Reforma Tributária,NA,NA,Socioambiental,socioambiental,NA,NA
201,leggo,RAC,Anistia Tributária para Partidos,NA,Integridade e Transparência,integridade-e-transparencia,NA,NA
206,leggo,RAC,Situação Jurídica do Estrangeiro no Brasil,NA,Direitos Humanos,direitos-humanos,NA,NA
208,leggo,RAC,PL das Compras Públicas (Nova Lei de Licitações),NA,Integridade e Transparência,integridade-e-transparencia,NA,NA
211,leggo,RAC,Reforma do setor elétrico (Câmara),NA,Meio Ambiente,meio-ambiente,NA,NA
212,leggo,RAC,Controle das OSCs,NA,Integridade e Transparência,integridade-e-transparencia,NA,NA
213,leggo,RAC,Reforma tributária,NA,Agenda Nacional,agenda-nacional,NA,NA
213,congresso-remoto,Congresso Remoto,Reforma tributária,NA,Outros,outros,NA,NA
213,reforma-tributaria,Reforma Tributária,NA,NA,Geral;OSC;Socioambiental;Social,geral;osc;socioambiental;social,https://drive.google.com/drive/folders/1isFpRoT7G5MJaYfRqJgF9ms55VIUMNB5?usp=sharing,NA
214,leggo,RAC,Uso do Fundo Partidário para Remunerar funcionários de Partido Político,NA,Integridade e Transparência,integridade-e-transparencia,NA,NA
216,leggo,RAC,Transparência Partidária (Câmara),NA,Integridade e Transparência,integridade-e-transparencia,NA,NA
218,leggo,RAC,PL das Armas,NA,Direitos Humanos;Agenda Nacional,direitos-humanos;agenda-nacional,https://drive.google.com/drive/folders/1T_oUL4xCeFCII9Piy0v6-rYRWliI09dq,NA
221,leggo,RAC,Marco Legal Saneamento Básico,NA,Agenda Nacional,agenda-nacional,https://drive.google.com/file/d/19xwYHWMcC10zTkrMfilzhoSFIZqp_gh4/view?usp=sharing,NA
222,leggo,RAC,Substitui a lei de agrotóxicos atualmente em vigor,NA,Meio Ambiente,meio-ambiente,NA,NA
223,leggo,RAC,Altera o Código de Trânsito Brasileiro (CTB),NA,Direitos Humanos,direitos-humanos,NA,NA
223,congresso-remoto,Congresso Remoto,Código de Trânsito Brasileiro,NA,Outros,outros,https://drive.google.com/file/d/1Fb9f8h-XIKTunN_YZ1A8-Hk_SuUStY4M/view?usp=sharing; https://drive.google.com/file/d/1jMDnyQd0kUMEpkmjVZbR57WoYsL-tYnh/view?usp=sharing;  https://drive.google.com/file/d/1LQtR0XNIWlnxvDoN5Jo-NEQvodCa3YmV/view?usp=sharing; https://drive.google.com/file/d/1LQtR0XNIWlnxvDoN5Jo-NEQvodCa3YmV/view?usp=sharing;,NA
226,leggo,RAC,Caracteriza como crime a exploração do trabalho infantil,NA,Direitos Humanos,direitos-humanos,NA,NA
228,leggo,RAC,Permite a regulamentação da caça por municípios,NA,Meio Ambiente,meio-ambiente,NA,NA
231,leggo,RAC,PL da Caça,NA,Meio Ambiente,meio-ambiente,NA,NA
233,leggo,RAC,Amplia mecanismos de investigação de mortes decorrentes de intervenção policial,NA,Direitos Humanos,direitos-humanos,NA,NA
234,leggo,RAC,PEC do Orçamento de Guerra,NA,Agenda Nacional,agenda-nacional,NA,NA
235,leggo,RAC,NA,NA,Agenda nacional,agenda-nacional,NA,NA
235,congresso-remoto,Congresso Remoto,NA,NA,Direitos Humanos,direitos-humanos,NA,NA
250,leggo,RAC,NA,NA,Direitos Humanos,direitos-humanos,NA,NA
250,congresso-remoto,Congresso Remoto,NA,NA,Direitos Humanos,direitos-humanos,NA,NA
251,leggo,RAC,NA,NA,Direitos Humanos,direitos-humanos,NA,NA
251,congresso-remoto,Congresso Remoto,NA,NA,Direitos Humanos,direitos-humanos,NA,NA
252,leggo,RAC,NA,NA,Direitos Humanos,direitos-humanos,NA,NA
252,congresso-remoto,Congresso Remoto,NA,NA,Direitos Humanos,direitos-humanos,NA,NA
269,congresso-remoto,Congresso Remoto,NA,NA,Outros,outros,NA,NA
270,congresso-remoto,Congresso Remoto,NA,NA,Outros,outros,NA,NA
271,congresso-remoto,Congresso Remoto,NA,NA,Outros,outros,NA,NA
272,congresso-remoto,Congresso Remoto,NA,NA,Outros,outros,NA,NA
273,congresso-remoto,Congresso Remoto,NA,NA,Outros,outros,NA,NA
275,congresso-remoto,Congresso Remoto,NA,NA,Outros,outros,NA,NA
276,congresso-remoto,Congresso Remoto,NA,NA,Outros,outros,NA,NA
277,congresso-remoto,Congresso Remoto,NA,NA,Outros,outros,NA,NA
279,congresso-remoto,Congresso Remoto,NA,NA,Outros,outros,NA,NA
280,congresso-remoto,Congresso Remoto,NA,NA,Outros,outros,NA,NA
285,congresso-remoto,Congresso Remoto,NA,NA,Outros,outros,NA,NA
286,congresso-remoto,Congresso Remoto,NA,NA,Outros,outros,NA,NA
288,congresso-remoto,Congresso Remoto,NA,NA,Outros,outros,NA,NA
289,congresso-remoto,Congresso Remoto,NA,NA,Outros,outros,NA,NA
291,congresso-remoto,Congresso Remoto,NA,NA,Direitos Humanos;Segurança Pública,direitos-humanos;seguranca-publica,NA,NA
293,congresso-remoto,Congresso Remoto,NA,NA,Outros,outros,NA,NA
294,congresso-remoto,Congresso Remoto,NA,NA,Outros,outros,NA,NA
295,congresso-remoto,Congresso Remoto,NA,NA,Outros,outros,NA,NA
298,congresso-remoto,Congresso Remoto,NA,NA,Outros,outros,NA,NA
300,congresso-remoto,Congresso Remoto,NA,NA,Outros,outros,NA,NA
302,congresso-remoto,Congresso Remoto,NA,NA,Desenvolvimento Socioambiental,desenvolvimento-socioambiental,NA,NA
311,congresso-remoto,Congresso Remoto,NA,NA,Outros,outros,NA,NA
316,congresso-remoto,Congresso Remoto,NA,NA,Outros,outros,NA,NA
317,congresso-remoto,Congresso Remoto,NA,NA,Outros,outros,NA,NA
318,congresso-remoto,Congresso Remoto,NA,NA,Outros,outros,NA,NA
319,congresso-remoto,Congresso Remoto,NA,NA,Direitos Humanos,direitos-humanos,NA,NA
320,congresso-remoto,Congresso Remoto,NA,NA,Outros,outros,NA,NA
340,congresso-remoto,Congresso Remoto,NA,NA,Outros,outros,NA,NA
341,congresso-remoto,Congresso Remoto,NA,NA,Outros,outros,NA,NA
342,congresso-remoto,Congresso Remoto,NA,NA,Outros,outros,NA,NA
343,congresso-remoto,Congresso Remoto,NA,NA,Outros,outros,NA,NA
347,congresso-remoto,Congresso Remoto,NA,NA,Outros,outros,NA,NA
365,congresso-remoto,Congresso Remoto,NA,NA,Direitos Humanos,direitos-humanos,NA,NA
367,congresso-remoto,Congresso Remoto,NA,NA,Outros,outros,NA,NA
372,congresso-remoto,Congresso Remoto,NA,NA,Outros,outros,NA,NA
383,congresso-remoto,Congresso Remoto,NA,NA,Outros,outros,NA,NA
404,congresso-remoto,Congresso Remoto,NA,NA,Outros,outros,NA,NA
414,congresso-remoto,Congresso Remoto,NA,NA,Direitos Humanos,direitos-humanos,NA,NA
417,congresso-remoto,Congresso Remoto,NA,NA,Direitos Humanos,direitos-humanos,NA,NA
481,congresso-remoto,Congresso Remoto,NA,NA,Outros,outros,NA,NA
515,congresso-remoto,Congresso Remoto,NA,NA,Outros,outros,NA,NA
521,congresso-remoto,Congresso Remoto,NA,NA,Direitos Humanos,direitos-humanos,NA,NA
566,congresso-remoto,Congresso Remoto,NA,NA,Outros,outros,NA,NA
616,congresso-remoto,Congresso Remoto,NA,NA,Outros,outros,NA,NA
627,congresso-remoto,Congresso Remoto,NA,NA,Outros,outros,NA,NA
652,congresso-remoto,Congresso Remoto,NA,NA,Outros,outros,NA,NA
678,congresso-remoto,Congresso Remoto,NA,NA,Outros,outros,NA,NA
693,congresso-remoto,Congresso Remoto,NA,NA,Outros,outros,NA,NA
698,congresso-remoto,Congresso Remoto,NA,NA,Outros,outros,NA,NA
702,congresso-remoto,Congresso Remoto,NA,NA,Outros,outros,NA,NA
703,congresso-remoto,Congresso Remoto,NA,NA,Outros,outros,NA,NA
704,congresso-remoto,Congresso Remoto,NA,NA,Outros,outros,NA,NA
713,congresso-remoto,Congresso Remoto,NA,NA,Outros,outros,NA,NA
715,congresso-remoto,Congresso Remoto,NA,NA,Outros,outros,NA,NA
720,congresso-remoto,Congresso Remoto,NA,NA,Outros,outros,NA,NA
723,congresso-remoto,Congresso Remoto,NA,NA,Outros,outros,NA,NA
727,congresso-remoto,Congresso Remoto,NA,NA,Outros,outros,NA,NA
748,congresso-remoto,Congresso Remoto,NA,NA,Desenvolvimento Socioambiental,desenvolvimento-socioambiental,NA,NA
751,congresso-remoto,Congresso Remoto,NA,NA,Outros,outros,NA,NA
757,congresso-remoto,Congresso Remoto,NA,NA,Outros,outros,NA,NA
758,congresso-remoto,Congresso Remoto,NA,NA,Outros,outros,NA,NA
759,congresso-remoto,Congresso Remoto,NA,NA,Outros,outros,NA,NA
768,congresso-remoto,Congresso Remoto,NA,NA,Outros,outros,NA,NA
783,congresso-remoto,Congresso Remoto,NA,NA,Outros,outros,NA,NA
789,congresso-remoto,Congresso Remoto,NA,NA,Outros,outros,NA,NA
790,congresso-remoto,Congresso Remoto,NA,NA,Outros,outros,NA,NA
791,congresso-remoto,Congresso Remoto,NA,NA,Outros,outros,NA,NA
803,congresso-remoto,Congresso Remoto,NA,NA,Outros,outros,NA,NA
811,congresso-remoto,Congresso Remoto,NA,NA,Outros,outros,NA,NA
812,congresso-remoto,Congresso Remoto,NA,NA,Outros,outros,NA,NA
819,congresso-remoto,Congresso Remoto,NA,NA,Outros,outros,NA,NA
825,congresso-remoto,Congresso Remoto,NA,NA,Transparência e Integridade,transparencia-e-integridade,NA,NA
828,congresso-remoto,Congresso Remoto,NA,NA,Outros,outros,NA,NA
832,congresso-remoto,Congresso Remoto,NA,NA,Outros,outros,NA,NA
879,congresso-remoto,Congresso Remoto,Lei do Gás,NA,Outros,outros,NA,NA
880,congresso-remoto,Congresso Remoto,NA,NA,Desenvolvimento Socioambiental,desenvolvimento-socioambiental,NA,NA
882,congresso-remoto,Congresso Remoto,NA,NA,Desenvolvimento Socioambiental,desenvolvimento-socioambiental,NA,NA
883,congresso-remoto,Congresso Remoto,NA,NA,Desenvolvimento Socioambiental,desenvolvimento-socioambiental,NA,NA
884,congresso-remoto,Congresso Remoto,NA,NA,Desenvolvimento Socioambiental,desenvolvimento-socioambiental,NA,NA
887,congresso-remoto,Congresso Remoto,NA,NA,Outros,outros,NA,NA
897,congresso-remoto,Congresso Remoto,NA,NA,Outros,outros,NA,NA
898,congresso-remoto,Congresso Remoto,NA,NA,Desenvolvimento Socioambiental,desenvolvimento-socioambiental,NA,NA
903,congresso-remoto,Congresso Remoto,NA,NA,Outros,outros,NA,NA
904,congresso-remoto,Congresso Remoto,NA,NA,Outros,outros,NA,NA
914,congresso-remoto,Congresso Remoto,NA,NA,Direitos Humanos;Trabalho Decente,direitos-humanos;trabalho-decente,NA,NA
917,congresso-remoto,Congresso Remoto,NA,NA,Outros,outros,NA,NA
921,congresso-remoto,Congresso Remoto,NA,NA,Outros,outros,NA,NA
923,congresso-remoto,Congresso Remoto,NA,NA,Transparência e Integridade,transparencia-e-integridade,NA,NA
924,congresso-remoto,Congresso Remoto,NA,NA,Transparência e Integridade,transparencia-e-integridade,NA,NA
941,congresso-remoto,Congresso Remoto,Fake News,NA,Outros,outros,NA,NA
947,reforma-tributaria,Reforma Tributária,NA,NA,Socioambiental,socioambiental,NA,NA
949,reforma-tributaria,Reforma Tributária,NA,NA,Socioambiental,socioambiental,NA,NA
951,reforma-tributaria,Reforma Tributária,NA,NA,Socioambiental,socioambiental,NA,NA
953,reforma-tributaria,Reforma Tributária,NA,NA,Socioambiental,socioambiental,NA,NA
954,reforma-tributaria,Reforma Tributária,NA,NA,Socioambiental,socioambiental,NA,NA
955,reforma-tributaria,Reforma Tributária,NA,NA,Socioambiental,socioambiental,NA,NA
958,reforma-tributaria,Reforma Tributária,NA,NA,Socioambiental,socioambiental,NA,NA
961,reforma-tributaria,Reforma Tributária,NA,NA,Social,social,NA,NA
962,reforma-tributaria,Reforma Tributária,NA,NA,Social,social,NA,NA
963,reforma-tributaria,Reforma Tributária,NA,NA,Social,social,NA,NA
964,reforma-tributaria,Reforma Tributária,NA,NA,Social,social,NA,NA
965,reforma-tributaria,Reforma Tributária,NA,NA,Social,social,NA,NA
980,reforma-tributaria,Reforma Tributária,NA,NA,OSC,osc,NA,NA
981,reforma-tributaria,Reforma Tributária,NA,NA,OSC,osc,NA,NA
982,reforma-tributaria,Reforma Tributária,NA,NA,OSC,osc,NA,NA
983,reforma-tributaria,Reforma Tributária,NA,NA,OSC,osc,NA,NA
985,reforma-tributaria,Reforma Tributária,NA,NA,OSC,osc,NA,NA
986,reforma-tributaria,Reforma Tributária,NA,NA,OSC,osc,NA,NA
989,reforma-tributaria,Reforma Tributária,NA,NA,OSC,osc,NA,NA
990,reforma-tributaria,Reforma Tributária,NA,NA,OSC,osc,NA,NA
994,reforma-tributaria,Reforma Tributária,NA,NA,OSC,osc,NA,NA
996,reforma-tributaria,Reforma Tributária,NA,NA,OSC,osc,NA,NA
997,reforma-tributaria,Reforma Tributária,NA,NA,OSC,osc,NA,NA
999,reforma-tributaria,Reforma Tributária,NA,NA,OSC,osc,NA,NA
1000,reforma-tributaria,Reforma Tributária,NA,NA,OSC,osc,NA,NA
1001,reforma-tributaria,Reforma Tributária,NA,NA,OSC,osc,NA,NA
1003,reforma-tributaria,Reforma Tributária,NA,NA,OSC,osc,NA,NA
1005,reforma-tributaria,Reforma Tributária,NA,NA,OSC,osc,NA,NA
1007,reforma-tributaria,Reforma Tributária,NA,NA,OSC,osc,NA,NA
49,primeira-infancia,Primeira Infância,NA,-,Parentalidade,parentalidade,NA,Positiva
50,primeira-infancia,Primeira Infância,NA,-,Parentalidade,parentalidade,NA,Positiva
51,primeira-infancia,Primeira Infância,NA,-,Educação Infantil,educacao-infantil,NA,Positiva
52,primeira-infancia,Primeira Infância,NA,-,Educação Infantil;Saúde,educacao-infantil;saude,NA,NA
53,primeira-infancia,Primeira Infância,NA,-,Educação Infantil,educacao-infantil,NA,Positiva
54,primeira-infancia,Primeira Infância,NA,-,Educação Infantil,educacao-infantil,NA,Positiva
54,primeira-infancia,Primeira Infância,NA,NA,Educação Infantil,educacao-infantil,NA,NA
56,primeira-infancia,Primeira Infância,NA,-,Educação infantil,educacao-infantil,NA,Positiva
57,primeira-infancia,Primeira Infância,NA,-,Educação Infantil;Saúde,educacao-infantil;saude,NA,NA
59,primeira-infancia,Primeira Infância,NA,-,Segurança e Proteção,seguranca-e-protecao,NA,Positiva
61,primeira-infancia,Primeira Infância,NA,lei federal;alteração;preso;atendimento;psicologia;adolescente;criança;direito;paes;serviço social;regime fechado;responsavel;estatuto da criança e do adolescente,Saúde,saude,NA,Positiva
62,primeira-infancia,Primeira Infância,NA,-,Educação Infantil,educacao-infantil,NA,Positiva
63,primeira-infancia,Primeira Infância,NA,direito a convivencia familiar;lei federal;liberdade;dignidade;direitos;alimentação;vida;poder familiar;criação;esporte;ensino profissionalizante;adoção;cultura;guarda;educação;saude;estatuto da criança e do adolescente;proteção;lazer,Parentalidade,parentalidade,NA,Negativa
64,primeira-infancia,Primeira Infância,NA,-,Segurança e Proteção,seguranca-e-protecao,NA,Positiva
65,primeira-infancia,Primeira Infância,NA,-,Segurança e Proteção,seguranca-e-protecao,NA,Positiva
66,primeira-infancia,Primeira Infância,NA,-,Segurança e Proteção,seguranca-e-protecao,NA,Positiva
72,primeira-infancia,Primeira Infância,NA,NA,Parentalidade,parentalidade,NA,NA
76,primeira-infancia,Primeira Infância,NA,NA,Parentalidade;Segurança e Proteção,parentalidade;seguranca-e-protecao,NA,NA
89,primeira-infancia,Primeira Infância,NA,NA,Parentalidade,parentalidade,NA,NA
90,primeira-infancia,Primeira Infância,NA,NA,Parentalidade;Segurança e Proteção,parentalidade;seguranca-e-protecao,NA,NA
91,primeira-infancia,Primeira Infância,NA,NA,Parentalidade;Segurança e Proteção,parentalidade;seguranca-e-protecao,NA,NA
92,primeira-infancia,Primeira Infância,NA,NA,Parentalidade;Segurança e Proteção,parentalidade;seguranca-e-protecao,NA,NA
93,primeira-infancia,Primeira Infância,NA,NA,Parentalidade,parentalidade,NA,NA
94,primeira-infancia,Primeira Infância,NA,NA,Segurança e Proteção,seguranca-e-protecao,NA,NA
95,primeira-infancia,Primeira Infância,NA,NA,Parentalidade,parentalidade,NA,NA
96,primeira-infancia,Primeira Infância,NA,NA,Segurança e Proteção,seguranca-e-protecao,NA,NA
96,leggo,RAC,Trabalho infantil artístico e despostivo,NA,Direitos Humanos,direitos-humanos,NA,NA
97,primeira-infancia,Primeira Infância,NA,NA,Educação Infantil,educacao-infantil,NA,NA
98,primeira-infancia,Primeira Infância,NA,NA,Segurança e Proteção,seguranca-e-protecao,NA,NA
99,primeira-infancia,Primeira Infância,NA,NA,Parentalidade,parentalidade,NA,NA
112,primeira-infancia,Primeira Infância,NA,NA,Parentalidade,parentalidade,NA,Positiva
130,primeira-infancia,Primeira Infância,NA,NA,Segurança e Proteção,seguranca-e-protecao,NA,NA
136,primeira-infancia,Primeira Infância,NA,NA,Educação Infantil,educacao-infantil,NA,NA
139,primeira-infancia,Primeira Infância,NA,NA,Segurança e Proteção,seguranca-e-protecao,NA,NA
140,primeira-infancia,Primeira Infância,NA,NA,Educação Infantil,educacao-infantil,NA,NA
141,primeira-infancia,Primeira Infância,NA,NA,Parentalidade,parentalidade,NA,NA
142,primeira-infancia,Primeira Infância,NA,NA,Parentalidade,parentalidade,NA,NA
143,primeira-infancia,Primeira Infância,NA,NA,Parentalidade,parentalidade,NA,NA
144,primeira-infancia,Primeira Infância,NA,NA,Parentalidade,parentalidade,NA,NA
145,primeira-infancia,Primeira Infância,NA,NA,Parentalidade,parentalidade,NA,NA
146,primeira-infancia,Primeira Infância,NA,NA,Parentalidade,parentalidade,NA,NA
148,primeira-infancia,Primeira Infância,NA,NA,Educação Infantil,educacao-infantil,NA,NA
150,primeira-infancia,Primeira Infância,NA,NA,Saúde,saude,NA,NA
159,leggo,RAC,Lei Geral de Licenciamento Ambiental,NA,Meio Ambiente,meio-ambiente,NA,NA
167,leggo,RAC,Alteração na Lei Antiterrorismo,NA,Agenda Nacional,agenda-nacional,NA,NA
176,leggo,RAC,Cana na Amazônia,NA,Meio Ambiente,meio-ambiente,NA,NA
177,leggo,RAC,Lei do Pantanal - Maggi,NA,Meio Ambiente,meio-ambiente,NA,NA
184,leggo,RAC,Redução da maioridade penal,NA,Direitos Humanos,direitos-humanos,NA,NA
186,leggo,RAC,Aumento do tempo de internação,NA,Direitos Humanos,direitos-humanos,NA,NA
189,leggo,RAC,Monitoramento e Acompanhamento de ONGs,NA,Agenda Nacional,agenda-nacional,NA,NA
193,leggo,RAC,Mercado da água,NA,Meio Ambiente,meio-ambiente,NA,NA
194,leggo,RAC,PEC Antiaborto,NA,Direitos Humanos,direitos-humanos,NA,NA
195,leggo,RAC,Altera o marco legal do saneamento básico,NA,Agenda Nacional;Meio Ambiente,agenda-nacional;meio-ambiente,NA,NA
198,leggo,RAC,Programa de Regularização Ambiental,NA,Agenda Nacional;Meio Ambiente,agenda-nacional;meio-ambiente,NA,NA
200,leggo,RAC,Pacote Moro - Crime Organizado,NA,Agenda Nacional;Integridade e Transparência,agenda-nacional;integridade-e-transparencia,NA,NA
203,leggo,RAC,Extinção das Cotas de Candidaturas Femininas,NA,Direitos Humanos,direitos-humanos,NA,NA
204,leggo,RAC,Proteção de Dados Pessoais,NA,Integridade e Transparência,integridade-e-transparencia,NA,NA
205,leggo,RAC,Programa de Integridade para Partidos,NA,Integridade e Transparência,integridade-e-transparencia,NA,NA
207,leggo,RAC,Tornar o FUNDEB permanente (Senado),NA,Educação,educacao,NA,NA
209,leggo,RAC,Liberdade Econômica,NA,Agenda Nacional,agenda-nacional,NA,NA
210,leggo,RAC,Reforma do setor elétrico (Senado),NA,Meio Ambiente,meio-ambiente,NA,NA
215,leggo,RAC,Retira prazo para inscrição de propriedades no CAR,NA,Meio Ambiente,meio-ambiente,NA,NA
217,leggo,RAC,Transparência partidária (Senado),NA,Integridade e Transparência,integridade-e-transparencia,NA,NA
219,leggo,RAC,Controle do Desmatamento,NA,Meio Ambiente,meio-ambiente,NA,NA
220,leggo,RAC,Pena Menores de 21,NA,Direitos Humanos,direitos-humanos,NA,NA
227,leggo,RAC,Coíbe o assédio e o abuso sexual no transporte público,NA,Direitos Humanos,direitos-humanos,NA,NA
236,leggo,RAC,NA,NA,Agenda nacional,agenda-nacional,NA,NA
236,congresso-remoto,Congresso Remoto,NA,NA,Outros,outros,NA,NA
237,leggo,RAC,NA,NA,Agenda nacional,agenda-nacional,NA,NA
237,congresso-remoto,Congresso Remoto,NA,NA,Outros,outros,NA,NA
244,leggo,RAC,Novo Marco Legal de saneamento básico,NA,Meio Ambiente,meio-ambiente,NA,NA
244,congresso-remoto,Congresso Remoto,Saneamento básico,NA,Desenvolvimento Socioambiental,desenvolvimento-socioambiental,https://drive.google.com/file/d/19xwYHWMcC10zTkrMfilzhoSFIZqp_gh4/view?usp=sharing; https://valor.globo.com/opiniao/coluna/a-privatizacao-da-agua-e-o-papel-do-estado.ghtml,NA
266,leggo,RAC,NA,NA,Meio Ambiente,meio-ambiente,NA,NA
463,congresso-remoto,Congresso Remoto,NA,NA,Direitos Humanos;Educação,direitos-humanos;educacao,NA,NA
570,congresso-remoto,Congresso Remoto,NA,NA,Outros,outros,NA,NA
635,congresso-remoto,Congresso Remoto,NA,NA,Outros,outros,NA,NA
651,congresso-remoto,Congresso Remoto,NA,NA,Outros,outros,NA,NA
668,congresso-remoto,Congresso Remoto,NA,NA,Outros,outros,NA,NA
724,congresso-remoto,Congresso Remoto,NA,NA,Outros,outros,NA,NA
756,congresso-remoto,Congresso Remoto,Fake News,NA,Transparência e Integridade,transparencia-e-integridade,https://drive.google.com/drive/folders/1p5nV767ZQpEORpGWyN0KacQWdXQ0ZMpl?usp=sharing,NA
774,congresso-remoto,Congresso Remoto,NA,NA,Outros,outros,NA,NA
885,congresso-remoto,Congresso Remoto,Reforma Tributária,NA,Outros,outros,NA,NA
885,reforma-tributaria,Reforma Tributária,NA,NA,Geral;OSC;Socioambiental;Social,geral;osc;socioambiental;social,https://drive.google.com/drive/folders/1isFpRoT7G5MJaYfRqJgF9ms55VIUMNB5?usp=sharing,NA
948,reforma-tributaria,Reforma Tributária,NA,NA,Socioambiental,socioambiental,NA,NA
950,reforma-tributaria,Reforma Tributária,NA,NA,Socioambiental,socioambiental,NA,NA
956,reforma-tributaria,Reforma Tributária,NA,NA,Socioambiental,socioambiental,NA,NA
957,reforma-tributaria,Reforma Tributária,NA,NA,Socioambiental,socioambiental,NA,NA
959,reforma-tributaria,Reforma Tributária,NA,NA,Socioambiental,socioambiental,NA,NA
966,reforma-tributaria,Reforma Tributária,NA,NA,Social,social,NA,NA
972,reforma-tributaria,Reforma Tributária,NA,NA,Social,social,NA,NA
984,reforma-tributaria,Reforma Tributária,NA,NA,OSC,osc,NA,NA
987,reforma-tributaria,Reforma Tributária,NA,NA,OSC,osc,NA,NA
992,reforma-tributaria,Reforma Tributária,NA,NA,OSC,osc,NA,NA
995,reforma-tributaria,Reforma Tributária,NA,NA,OSC,osc,NA,NA
1006,reforma-tributaria,Reforma Tributária,NA,NA,OSC,osc,NA,NA
1008,reforma-tributaria,Reforma Tributária,NA,NA,OSC,osc,NA,NA
1009,reforma-tributaria,Reforma Tributária,NA,NA,Socioambiental,socioambiental,NA,NA
1010,reforma-tributaria,Reforma Tributária,NA,NA,Socioambiental,socioambiental,NA,NA
202,leggo,RAC,Fim da Reserva Legal,NA,Meio Ambiente,meio-ambiente,NA,NA
5,primeira-infancia,Primeira Infância,NA,fmcsv_alienação_parental,Parentalidade;Segurança e Proteção,parentalidade;seguranca-e-protecao,NA,Positiva
17,primeira-infancia,Primeira Infância,NA,mãe social;competência;lei federal;alteração;direitos;assistência;inclusão;candidato;atividade;requisitos;infrator;menor abandonado;penalidade;pai,Parentallidade,parentallidade,NA,Positiva
37,primeira-infancia,Primeira Infância,NA,-,Educação Infantil;Segurança e Proteção;Parentalidade;Nutrição Adequada;Saúde,educacao-infantil;seguranca-e-protecao;parentalidade;nutricao-adequada;saude,NA,Positiva
38,primeira-infancia,Primeira Infância,NA,-,Educação Infantil;Segurança e Proteção;Parentalidade;Nutrição Adequada;Saúde,educacao-infantil;seguranca-e-protecao;parentalidade;nutricao-adequada;saude,NA,Positiva
73,primeira-infancia,Primeira Infância,NA,NA,Parentalidade,parentalidade,NA,NA
77,primeira-infancia,Primeira Infância,NA,NA,Parentalidade;Segurança e Proteção,parentalidade;seguranca-e-protecao,NA,NA
108,primeira-infancia,Primeira Infância,NA,NA,Educação Infantil;Segurança e Proteção;Parentalidade;Nutrição Adequada;Saúde,educacao-infantil;seguranca-e-protecao;parentalidade;nutricao-adequada;saude,NA,Positiva
115,primeira-infancia,Primeira Infância,NA,NA,Segurança e Proteção,seguranca-e-protecao,NA,Positiva
116,primeira-infancia,Primeira Infância,NA,NA,Segurança e Proteção,seguranca-e-protecao,NA,Positiva
132,primeira-infancia,Primeira Infância,NA,NA,Educação Infantil;Segurança e Proteção;Parentalidade;Nutrição Adequada;Saúde,educacao-infantil;seguranca-e-protecao;parentalidade;nutricao-adequada;saude,NA,NA
133,primeira-infancia,Primeira Infância,NA,NA,Educação Infantil;Cuidados Responsivos;Nutrição Adequada;Saúde,educacao-infantil;cuidados-responsivos;nutricao-adequada;saude,NA,NA
135,primeira-infancia,Primeira Infância,NA,NA,Parentalidade,parentalidade,NA,NA
137,primeira-infancia,Primeira Infância,NA,NA,Segurança e Proteção,seguranca-e-protecao,NA,NA
138,primeira-infancia,Primeira Infância,NA,NA,Segurança e Proteção,seguranca-e-protecao,NA,NA
151,primeira-infancia,Primeira Infância,NA,NA,"Educação Infantil, Segurança e proteção","educacao-infantil,-seguranca-e-protecao",NA,NA
151,leggo,RAC,NA,NA,Direitos Humanos;Educação,direitos-humanos;educacao,NA,NA
151,congresso-remoto,Congresso Remoto,NA,NA,Direitos Humanos;Educação,direitos-humanos;educacao,NA,NA
152,primeira-infancia,Primeira Infância,NA,NA,Educação Infantil;Segurança e proteção,educacao-infantil;seguranca-e-protecao,NA,NA
154,primeira-infancia,Primeira Infância,NA,NA,Administração Pública;Educação,administracao-publica;educacao,NA,NA
155,primeira-infancia,Primeira Infância,NA,NA,Educação;Finanças Públicas e Orçamento;Saúde,educacao;financas-publicas-e-orcamento;saude,NA,NA
156,primeira-infancia,Primeira Infância,NA,NA,Educação Infantil,educacao-infantil,NA,NA
182,leggo,RAC,Educação básica em tempo integral,NA,Educação,educacao,NA,NA
190,leggo,RAC,Pacote Moro Caixa 2,NA,Agenda Nacional;Integridade e Transparência,agenda-nacional;integridade-e-transparencia,NA,NA
191,leggo,RAC,Pacote Moro Crime Organizado (Apensado),NA,Agenda Nacional;Integridade e Transparência,agenda-nacional;integridade-e-transparencia,NA,NA
224,leggo,RAC,Obriga a divulgação do serviço de denúncia de violência contra a Mulher,NA,Direitos Humanos,direitos-humanos,NA,NA
225,leggo,RAC,Combate à exploração sexual de crianças e adolescentes em contratos públicos de grandes obras,NA,Direitos Humanos,direitos-humanos,NA,NA
229,leggo,RAC,Permite a regulamentação da caça por estados,NA,Meio Ambiente,meio-ambiente,NA,NA
230,leggo,RAC,"Institui o Estatuto do Colecionismo, Tiro Desportivo e Caça",NA,Meio Ambiente,meio-ambiente,NA,NA
232,leggo,RAC,"Cria o Estatuto dos CACs - Colecionadores, Atiradores e Caçadores",NA,Meio Ambiente,meio-ambiente,NA,NA
238,leggo,RAC,NA,NA,Meio ambiente,meio-ambiente,NA,NA
238,congresso-remoto,Congresso Remoto,NA,NA,Desenvolvimento Socioambiental,desenvolvimento-socioambiental,NA,NA
239,leggo,RAC,NA,NA,Meio ambiente,meio-ambiente,NA,NA
239,congresso-remoto,Congresso Remoto,NA,NA,Desenvolvimento Socioambiental,desenvolvimento-socioambiental,NA,NA
240,leggo,RAC,NA,NA,Educação,educacao,NA,NA
240,congresso-remoto,Congresso Remoto,NA,NA,Direitos Humanos,direitos-humanos,NA,NA
241,leggo,RAC,NA,NA,Transparência,transparencia,NA,NA
241,congresso-remoto,Congresso Remoto,NA,NA,Transparência e Integridade,transparencia-e-integridade,NA,NA
242,leggo,RAC,NA,NA,Educação,educacao,NA,NA
242,congresso-remoto,Congresso Remoto,NA,NA,Direitos Humanos,direitos-humanos,NA,NA
243,leggo,RAC,NA,NA,Educação,educacao,NA,NA
243,congresso-remoto,Congresso Remoto,NA,NA,Direitos Humanos,direitos-humanos,NA,NA
245,leggo,RAC,NA,NA,Direitos Humanos,direitos-humanos,NA,NA
245,congresso-remoto,Congresso Remoto,NA,NA,Direitos Humanos,direitos-humanos,NA,NA
246,leggo,RAC,NA,NA,Transparência e Integridade,transparencia-e-integridade,NA,NA
246,congresso-remoto,Congresso Remoto,NA,NA,Transparência e Integridade,transparencia-e-integridade,NA,NA
247,leggo,RAC,NA,NA,Transparência e Integridade,transparencia-e-integridade,NA,NA
247,congresso-remoto,Congresso Remoto,NA,NA,Transparência e Integridade,transparencia-e-integridade,NA,NA
248,leggo,RAC,NA,NA,Transparência e Integridade,transparencia-e-integridade,NA,NA
248,congresso-remoto,Congresso Remoto,NA,NA,Outros,outros,NA,NA
249,leggo,RAC,NA,NA,Direitos Humanos,direitos-humanos,NA,NA
249,congresso-remoto,Congresso Remoto,NA,NA,Direitos Humanos;Transparência e Integridade,direitos-humanos;transparencia-e-integridade,NA,NA
253,leggo,RAC,NA,NA,Direitos Humanos,direitos-humanos,NA,NA
253,congresso-remoto,Congresso Remoto,NA,NA,Direitos Humanos;Trabalho Decente,direitos-humanos;trabalho-decente,NA,NA
254,leggo,RAC,NA,NA,Direitos Humanos,direitos-humanos,NA,NA
254,congresso-remoto,Congresso Remoto,NA,NA,Direitos Humanos,direitos-humanos,NA,NA
255,leggo,RAC,NA,NA,Direitos Humanos,direitos-humanos,NA,NA
255,congresso-remoto,Congresso Remoto,NA,NA,Direitos Humanos,direitos-humanos,NA,NA
256,leggo,RAC,NA,NA,Direitos Humanos,direitos-humanos,NA,NA
256,congresso-remoto,Congresso Remoto,NA,NA,Direitos Humanos,direitos-humanos,NA,NA
257,leggo,RAC,NA,NA,Direitos Humanos,direitos-humanos,NA,NA
257,congresso-remoto,Congresso Remoto,NA,NA,Direitos Humanos,direitos-humanos,NA,NA
258,leggo,RAC,NA,NA,Direitos Humanos,direitos-humanos,NA,NA
258,congresso-remoto,Congresso Remoto,NA,NA,Outros,outros,NA,NA
259,leggo,RAC,NA,NA,Direitos Humanos,direitos-humanos,NA,NA
259,congresso-remoto,Congresso Remoto,NA,NA,Direitos Humanos,direitos-humanos,NA,NA
260,leggo,RAC,NA,NA,Direitos Humanos,direitos-humanos,NA,NA
260,congresso-remoto,Congresso Remoto,NA,NA,Direitos Humanos,direitos-humanos,NA,NA
261,leggo,RAC,NA,NA,Direitos Humanos,direitos-humanos,NA,NA
261,congresso-remoto,Congresso Remoto,NA,NA,Direitos Humanos,direitos-humanos,NA,NA
262,leggo,RAC,NA,NA,Direitos Humanos,direitos-humanos,NA,NA
262,congresso-remoto,Congresso Remoto,NA,NA,Direitos Humanos,direitos-humanos,NA,NA
263,leggo,RAC,NA,NA,Direitos Humanos,direitos-humanos,NA,NA
263,congresso-remoto,Congresso Remoto,NA,NA,Direitos Humanos,direitos-humanos,NA,NA
264,leggo,RAC,NA,NA,Direitos Humanos,direitos-humanos,NA,NA
264,congresso-remoto,Congresso Remoto,NA,NA,Direitos Humanos,direitos-humanos,NA,NA
265,leggo,RAC,NA,NA,Meio Ambiente,meio-ambiente,NA,NA
265,congresso-remoto,Congresso Remoto,Regularização Fundiária,NA,Desenvolvimento Socioambiental,desenvolvimento-socioambiental,NA,NA
267,leggo,RAC,NA,NA,Meio Ambiente,meio-ambiente,NA,NA
267,congresso-remoto,Congresso Remoto,NA,NA,Desenvolvimento Socioambiental,desenvolvimento-socioambiental,NA,NA
268,congresso-remoto,Congresso Remoto,NA,NA,Direitos Humanos;Segurança Pública,direitos-humanos;seguranca-publica,NA,NA
274,congresso-remoto,Congresso Remoto,NA,NA,Outros,outros,NA,NA
278,congresso-remoto,Congresso Remoto,NA,NA,Outros,outros,NA,NA
281,congresso-remoto,Congresso Remoto,NA,NA,Outros,outros,NA,NA
282,congresso-remoto,Congresso Remoto,NA,NA,Outros,outros,NA,NA
283,congresso-remoto,Congresso Remoto,NA,NA,Outros,outros,NA,NA
284,congresso-remoto,Congresso Remoto,NA,NA,Outros,outros,NA,NA
287,congresso-remoto,Congresso Remoto,NA,NA,Outros,outros,NA,NA
290,congresso-remoto,Congresso Remoto,NA,NA,Outros,outros,NA,NA
292,congresso-remoto,Congresso Remoto,NA,NA,Outros,outros,NA,NA
296,congresso-remoto,Congresso Remoto,NA,NA,Outros,outros,NA,NA
297,congresso-remoto,Congresso Remoto,NA,NA,Outros,outros,NA,NA
299,congresso-remoto,Congresso Remoto,NA,NA,Outros,outros,NA,NA
301,congresso-remoto,Congresso Remoto,NA,NA,Outros,outros,NA,NA
303,congresso-remoto,Congresso Remoto,NA,NA,Outros,outros,NA,NA
304,congresso-remoto,Congresso Remoto,NA,NA,Outros,outros,NA,NA
305,congresso-remoto,Congresso Remoto,NA,NA,Outros,outros,NA,NA
306,congresso-remoto,Congresso Remoto,NA,NA,Outros,outros,NA,NA
307,congresso-remoto,Congresso Remoto,NA,NA,Outros,outros,NA,NA
308,congresso-remoto,Congresso Remoto,NA,NA,Outros,outros,NA,NA
309,congresso-remoto,Congresso Remoto,NA,NA,Outros,outros,NA,NA
310,congresso-remoto,Congresso Remoto,NA,NA,Outros,outros,NA,NA
312,congresso-remoto,Congresso Remoto,NA,NA,Outros,outros,NA,NA
313,congresso-remoto,Congresso Remoto,NA,NA,Outros,outros,NA,NA
314,congresso-remoto,Congresso Remoto,NA,NA,Outros,outros,NA,NA
315,congresso-remoto,Congresso Remoto,NA,NA,Outros,outros,NA,NA
321,congresso-remoto,Congresso Remoto,NA,NA,Outros,outros,NA,NA
322,congresso-remoto,Congresso Remoto,NA,NA,Outros,outros,NA,NA
323,congresso-remoto,Congresso Remoto,NA,NA,Outros,outros,NA,NA
324,congresso-remoto,Congresso Remoto,NA,NA,Outros,outros,NA,NA
325,congresso-remoto,Congresso Remoto,NA,NA,Outros,outros,NA,NA
326,congresso-remoto,Congresso Remoto,NA,NA,Outros,outros,NA,NA
327,congresso-remoto,Congresso Remoto,NA,NA,Outros,outros,NA,NA
328,congresso-remoto,Congresso Remoto,NA,NA,Outros,outros,NA,NA
329,congresso-remoto,Congresso Remoto,NA,NA,Outros,outros,NA,NA
330,congresso-remoto,Congresso Remoto,NA,NA,Outros,outros,NA,NA
331,congresso-remoto,Congresso Remoto,NA,NA,Outros,outros,NA,NA
332,congresso-remoto,Congresso Remoto,NA,NA,Outros,outros,NA,NA
333,congresso-remoto,Congresso Remoto,NA,NA,Outros,outros,NA,NA
334,congresso-remoto,Congresso Remoto,NA,NA,Outros,outros,NA,NA
335,congresso-remoto,Congresso Remoto,NA,NA,Outros,outros,NA,NA
336,congresso-remoto,Congresso Remoto,NA,NA,Outros,outros,NA,NA
337,congresso-remoto,Congresso Remoto,NA,NA,Outros,outros,NA,NA
338,congresso-remoto,Congresso Remoto,NA,NA,Outros,outros,NA,NA
339,congresso-remoto,Congresso Remoto,NA,NA,Outros,outros,NA,NA
344,congresso-remoto,Congresso Remoto,NA,NA,Outros,outros,NA,NA
345,congresso-remoto,Congresso Remoto,NA,NA,Outros,outros,NA,NA
346,congresso-remoto,Congresso Remoto,NA,NA,Outros,outros,NA,NA
348,congresso-remoto,Congresso Remoto,NA,NA,Outros,outros,NA,NA
349,congresso-remoto,Congresso Remoto,NA,NA,Outros,outros,NA,NA
350,congresso-remoto,Congresso Remoto,NA,NA,Outros,outros,NA,NA
351,congresso-remoto,Congresso Remoto,NA,NA,Outros,outros,NA,NA
352,congresso-remoto,Congresso Remoto,NA,NA,Outros,outros,NA,NA
353,congresso-remoto,Congresso Remoto,NA,NA,Outros,outros,NA,NA
354,congresso-remoto,Congresso Remoto,NA,NA,Outros,outros,NA,NA
355,congresso-remoto,Congresso Remoto,NA,NA,Outros,outros,NA,NA
356,congresso-remoto,Congresso Remoto,NA,NA,Outros,outros,NA,NA
357,congresso-remoto,Congresso Remoto,NA,NA,Outros,outros,NA,NA
358,congresso-remoto,Congresso Remoto,NA,NA,Outros,outros,NA,NA
359,congresso-remoto,Congresso Remoto,NA,NA,Outros,outros,NA,NA
360,congresso-remoto,Congresso Remoto,NA,NA,Outros,outros,NA,NA
361,congresso-remoto,Congresso Remoto,NA,NA,Outros,outros,NA,NA
362,congresso-remoto,Congresso Remoto,NA,NA,Outros,outros,NA,NA
363,congresso-remoto,Congresso Remoto,NA,NA,Outros,outros,NA,NA
364,congresso-remoto,Congresso Remoto,NA,NA,Outros,outros,NA,NA
366,congresso-remoto,Congresso Remoto,NA,NA,Outros,outros,NA,NA
368,congresso-remoto,Congresso Remoto,NA,NA,Outros,outros,NA,NA
369,congresso-remoto,Congresso Remoto,NA,NA,Outros,outros,NA,NA
370,congresso-remoto,Congresso Remoto,NA,NA,Outros,outros,NA,NA
371,congresso-remoto,Congresso Remoto,NA,NA,Direitos Humanos,direitos-humanos,NA,NA
373,congresso-remoto,Congresso Remoto,NA,NA,Outros,outros,NA,NA
374,congresso-remoto,Congresso Remoto,NA,NA,Outros,outros,NA,NA
375,congresso-remoto,Congresso Remoto,NA,NA,Outros,outros,NA,NA
376,congresso-remoto,Congresso Remoto,NA,NA,Outros,outros,NA,NA
377,congresso-remoto,Congresso Remoto,NA,NA,Outros,outros,NA,NA
378,congresso-remoto,Congresso Remoto,NA,NA,Outros,outros,NA,NA
379,congresso-remoto,Congresso Remoto,NA,NA,Outros,outros,NA,NA
380,congresso-remoto,Congresso Remoto,NA,NA,Outros,outros,NA,NA
381,congresso-remoto,Congresso Remoto,NA,NA,Outros,outros,NA,NA
382,congresso-remoto,Congresso Remoto,NA,NA,Outros,outros,NA,NA
384,congresso-remoto,Congresso Remoto,NA,NA,Outros,outros,NA,NA
385,congresso-remoto,Congresso Remoto,NA,NA,Outros,outros,NA,NA
386,congresso-remoto,Congresso Remoto,NA,NA,Outros,outros,NA,NA
387,congresso-remoto,Congresso Remoto,NA,NA,Outros,outros,NA,NA
388,congresso-remoto,Congresso Remoto,NA,NA,Outros,outros,NA,NA
389,congresso-remoto,Congresso Remoto,NA,NA,Outros,outros,NA,NA
390,congresso-remoto,Congresso Remoto,NA,NA,Outros,outros,NA,NA
391,congresso-remoto,Congresso Remoto,NA,NA,Outros,outros,NA,NA
392,congresso-remoto,Congresso Remoto,NA,NA,Outros,outros,NA,NA
393,congresso-remoto,Congresso Remoto,NA,NA,Outros,outros,NA,NA
394,congresso-remoto,Congresso Remoto,NA,NA,Outros,outros,NA,NA
395,congresso-remoto,Congresso Remoto,NA,NA,Outros,outros,NA,NA
396,congresso-remoto,Congresso Remoto,NA,NA,Outros,outros,NA,NA
397,congresso-remoto,Congresso Remoto,NA,NA,Outros,outros,NA,NA
398,congresso-remoto,Congresso Remoto,NA,NA,Outros,outros,NA,NA
399,congresso-remoto,Congresso Remoto,NA,NA,Outros,outros,NA,NA
400,congresso-remoto,Congresso Remoto,NA,NA,Outros,outros,NA,NA
401,congresso-remoto,Congresso Remoto,NA,NA,Outros,outros,NA,NA
402,congresso-remoto,Congresso Remoto,NA,NA,Outros,outros,NA,NA
403,congresso-remoto,Congresso Remoto,NA,NA,Outros,outros,NA,NA
405,congresso-remoto,Congresso Remoto,NA,NA,Outros,outros,NA,NA
406,congresso-remoto,Congresso Remoto,NA,NA,Outros,outros,NA,NA
407,congresso-remoto,Congresso Remoto,NA,NA,Outros,outros,NA,NA
408,congresso-remoto,Congresso Remoto,NA,NA,Outros,outros,NA,NA
409,congresso-remoto,Congresso Remoto,NA,NA,Outros,outros,NA,NA
410,congresso-remoto,Congresso Remoto,NA,NA,Outros,outros,NA,NA
411,congresso-remoto,Congresso Remoto,NA,NA,Outros,outros,NA,NA
412,congresso-remoto,Congresso Remoto,NA,NA,Outros,outros,NA,NA
413,congresso-remoto,Congresso Remoto,NA,NA,Outros,outros,NA,NA
415,congresso-remoto,Congresso Remoto,NA,NA,Outros,outros,NA,NA
416,congresso-remoto,Congresso Remoto,NA,NA,Outros,outros,NA,NA
418,congresso-remoto,Congresso Remoto,NA,NA,Outros,outros,NA,NA
419,congresso-remoto,Congresso Remoto,NA,NA,Outros,outros,NA,NA
420,congresso-remoto,Congresso Remoto,NA,NA,Outros,outros,NA,NA
421,congresso-remoto,Congresso Remoto,NA,NA,Outros,outros,NA,NA
422,congresso-remoto,Congresso Remoto,NA,NA,Outros,outros,NA,NA
423,congresso-remoto,Congresso Remoto,NA,NA,Direitos Humanos,direitos-humanos,NA,NA
424,congresso-remoto,Congresso Remoto,NA,NA,Direitos Humanos;Segurança Pública,direitos-humanos;seguranca-publica,NA,NA
425,congresso-remoto,Congresso Remoto,NA,NA,Outros,outros,NA,NA
426,congresso-remoto,Congresso Remoto,NA,NA,Outros,outros,NA,NA
427,congresso-remoto,Congresso Remoto,NA,NA,Outros,outros,NA,NA
428,congresso-remoto,Congresso Remoto,NA,NA,Outros,outros,NA,NA
429,congresso-remoto,Congresso Remoto,NA,NA,Outros,outros,NA,NA
430,congresso-remoto,Congresso Remoto,NA,NA,Outros,outros,NA,NA
431,congresso-remoto,Congresso Remoto,NA,NA,Outros,outros,NA,NA
432,congresso-remoto,Congresso Remoto,NA,NA,Outros,outros,NA,NA
433,congresso-remoto,Congresso Remoto,NA,NA,Outros,outros,NA,NA
434,congresso-remoto,Congresso Remoto,NA,NA,Outros,outros,NA,NA
435,congresso-remoto,Congresso Remoto,NA,NA,Outros,outros,NA,NA
436,congresso-remoto,Congresso Remoto,NA,NA,Outros,outros,NA,NA
437,congresso-remoto,Congresso Remoto,NA,NA,Outros,outros,NA,NA
438,congresso-remoto,Congresso Remoto,NA,NA,Outros,outros,NA,NA
439,congresso-remoto,Congresso Remoto,NA,NA,Outros,outros,NA,NA
440,congresso-remoto,Congresso Remoto,NA,NA,Outros,outros,NA,NA
441,congresso-remoto,Congresso Remoto,NA,NA,Outros,outros,NA,NA
442,congresso-remoto,Congresso Remoto,NA,NA,Outros,outros,NA,NA
443,congresso-remoto,Congresso Remoto,NA,NA,Outros,outros,NA,NA
444,congresso-remoto,Congresso Remoto,NA,NA,Direitos Humanos;Educação,direitos-humanos;educacao,NA,NA
445,congresso-remoto,Congresso Remoto,NA,NA,Outros,outros,NA,NA
446,congresso-remoto,Congresso Remoto,NA,NA,Outros,outros,NA,NA
447,congresso-remoto,Congresso Remoto,NA,NA,Outros,outros,NA,NA
448,congresso-remoto,Congresso Remoto,NA,NA,Outros,outros,NA,NA
449,congresso-remoto,Congresso Remoto,NA,NA,Outros,outros,NA,NA
450,congresso-remoto,Congresso Remoto,NA,NA,Direitos Humanos;Educação,direitos-humanos;educacao,NA,NA
451,congresso-remoto,Congresso Remoto,NA,NA,Outros,outros,NA,NA
452,congresso-remoto,Congresso Remoto,NA,NA,Outros,outros,NA,NA
453,congresso-remoto,Congresso Remoto,NA,NA,Outros,outros,NA,NA
454,congresso-remoto,Congresso Remoto,NA,NA,Direitos Humanos;Educação,direitos-humanos;educacao,NA,NA
455,congresso-remoto,Congresso Remoto,NA,NA,Direitos Humanos;Educação,direitos-humanos;educacao,NA,NA
456,congresso-remoto,Congresso Remoto,NA,NA,Direitos Humanos;Educação,direitos-humanos;educacao,NA,NA
457,congresso-remoto,Congresso Remoto,NA,NA,Direitos Humanos;Educação,direitos-humanos;educacao,NA,NA
458,congresso-remoto,Congresso Remoto,NA,NA,Direitos Humanos;Educação,direitos-humanos;educacao,NA,NA
459,congresso-remoto,Congresso Remoto,NA,NA,Direitos Humanos;Educação,direitos-humanos;educacao,NA,NA
460,congresso-remoto,Congresso Remoto,NA,NA,Direitos Humanos;Educação,direitos-humanos;educacao,NA,NA
461,congresso-remoto,Congresso Remoto,NA,NA,Direitos Humanos;Educação,direitos-humanos;educacao,NA,NA
462,congresso-remoto,Congresso Remoto,NA,NA,Direitos Humanos;Educação,direitos-humanos;educacao,NA,NA
464,congresso-remoto,Congresso Remoto,NA,NA,Direitos Humanos;Educação,direitos-humanos;educacao,NA,NA
465,congresso-remoto,Congresso Remoto,NA,NA,Direitos Humanos;Educação,direitos-humanos;educacao,NA,NA
466,congresso-remoto,Congresso Remoto,NA,NA,Outros,outros,NA,NA
467,congresso-remoto,Congresso Remoto,NA,NA,Outros,outros,NA,NA
468,congresso-remoto,Congresso Remoto,NA,NA,Outros,outros,NA,NA
469,congresso-remoto,Congresso Remoto,NA,NA,Direitos Humanos,direitos-humanos,NA,NA
470,congresso-remoto,Congresso Remoto,NA,NA,Direitos Humanos,direitos-humanos,NA,NA
471,congresso-remoto,Congresso Remoto,NA,NA,Direitos Humanos,direitos-humanos,NA,NA
472,congresso-remoto,Congresso Remoto,NA,NA,Outros,outros,NA,NA
473,congresso-remoto,Congresso Remoto,NA,NA,Outros,outros,NA,NA
474,congresso-remoto,Congresso Remoto,NA,NA,Direitos Humanos;Segurança Pública,direitos-humanos;seguranca-publica,NA,NA
475,congresso-remoto,Congresso Remoto,NA,NA,Outros,outros,NA,NA
476,congresso-remoto,Congresso Remoto,NA,NA,Outros,outros,NA,NA
477,congresso-remoto,Congresso Remoto,NA,NA,Outros,outros,NA,NA
478,congresso-remoto,Congresso Remoto,NA,NA,Outros,outros,NA,NA
479,congresso-remoto,Congresso Remoto,NA,NA,Outros,outros,NA,NA
480,congresso-remoto,Congresso Remoto,NA,NA,Outros,outros,NA,NA
482,congresso-remoto,Congresso Remoto,NA,NA,Outros,outros,NA,NA
483,congresso-remoto,Congresso Remoto,NA,NA,Outros,outros,NA,NA
484,congresso-remoto,Congresso Remoto,NA,NA,Outros,outros,NA,NA
485,congresso-remoto,Congresso Remoto,NA,NA,Outros,outros,NA,NA
486,congresso-remoto,Congresso Remoto,NA,NA,Outros,outros,NA,NA
487,congresso-remoto,Congresso Remoto,NA,NA,Desenvolvimento Socioambiental,desenvolvimento-socioambiental,NA,NA
488,congresso-remoto,Congresso Remoto,NA,NA,Outros,outros,NA,NA
489,congresso-remoto,Congresso Remoto,NA,NA,Direitos Humanos;Desenvolvimento socioambiental,direitos-humanos;desenvolvimento-socioambiental,NA,NA
490,congresso-remoto,Congresso Remoto,NA,NA,Outros,outros,NA,NA
491,congresso-remoto,Congresso Remoto,NA,NA,Outros,outros,NA,NA
492,congresso-remoto,Congresso Remoto,NA,NA,Direitos Humanos;Segurança Pública,direitos-humanos;seguranca-publica,NA,NA
493,congresso-remoto,Congresso Remoto,NA,NA,Outros,outros,NA,NA
494,congresso-remoto,Congresso Remoto,NA,NA,Outros,outros,NA,NA
495,congresso-remoto,Congresso Remoto,NA,NA,Direitos Humanos;Trabalho Decente,direitos-humanos;trabalho-decente,NA,NA
496,congresso-remoto,Congresso Remoto,NA,NA,Outros,outros,NA,NA
497,congresso-remoto,Congresso Remoto,NA,NA,Outros,outros,NA,NA
498,congresso-remoto,Congresso Remoto,NA,NA,Outros,outros,NA,NA
499,congresso-remoto,Congresso Remoto,NA,NA,Outros,outros,NA,NA
500,congresso-remoto,Congresso Remoto,NA,NA,Outros,outros,NA,NA
501,congresso-remoto,Congresso Remoto,NA,NA,Outros,outros,NA,NA
502,congresso-remoto,Congresso Remoto,NA,NA,Direitos Humanos;Trabalho Decente,direitos-humanos;trabalho-decente,NA,NA
503,congresso-remoto,Congresso Remoto,NA,NA,Outros,outros,NA,NA
504,congresso-remoto,Congresso Remoto,NA,NA,Direitos Humanos;Trabalho Decente,direitos-humanos;trabalho-decente,NA,NA
505,congresso-remoto,Congresso Remoto,NA,NA,Outros,outros,NA,NA
506,congresso-remoto,Congresso Remoto,NA,NA,Outros,outros,NA,NA
507,congresso-remoto,Congresso Remoto,NA,NA,Outros,outros,NA,NA
508,congresso-remoto,Congresso Remoto,NA,NA,Outros,outros,NA,NA
509,congresso-remoto,Congresso Remoto,NA,NA,Outros,outros,NA,NA
510,congresso-remoto,Congresso Remoto,NA,NA,Outros,outros,NA,NA
511,congresso-remoto,Congresso Remoto,NA,NA,Outros,outros,NA,NA
512,congresso-remoto,Congresso Remoto,NA,NA,Outros,outros,NA,NA
513,congresso-remoto,Congresso Remoto,NA,NA,Outros,outros,NA,NA
514,congresso-remoto,Congresso Remoto,NA,NA,Outros,outros,NA,NA
516,congresso-remoto,Congresso Remoto,NA,NA,Outros,outros,NA,NA
517,congresso-remoto,Congresso Remoto,NA,NA,Outros,outros,NA,NA
518,congresso-remoto,Congresso Remoto,NA,NA,Outros,outros,NA,NA
519,congresso-remoto,Congresso Remoto,NA,NA,Outros,outros,NA,NA
520,congresso-remoto,Congresso Remoto,NA,NA,Outros,outros,NA,NA
522,congresso-remoto,Congresso Remoto,NA,NA,Outros,outros,NA,NA
523,congresso-remoto,Congresso Remoto,NA,NA,Outros,outros,NA,NA
524,congresso-remoto,Congresso Remoto,NA,NA,Outros,outros,NA,NA
525,congresso-remoto,Congresso Remoto,NA,NA,Outros,outros,NA,NA
526,congresso-remoto,Congresso Remoto,NA,NA,Outros,outros,NA,NA
527,congresso-remoto,Congresso Remoto,NA,NA,Outros,outros,NA,NA
528,congresso-remoto,Congresso Remoto,NA,NA,Outros,outros,NA,NA
529,congresso-remoto,Congresso Remoto,NA,NA,Outros,outros,NA,NA
530,congresso-remoto,Congresso Remoto,NA,NA,Outros,outros,NA,NA
531,congresso-remoto,Congresso Remoto,NA,NA,Outros,outros,NA,NA
532,congresso-remoto,Congresso Remoto,NA,NA,Outros,outros,NA,NA
533,congresso-remoto,Congresso Remoto,NA,NA,Outros,outros,NA,NA
534,congresso-remoto,Congresso Remoto,NA,NA,Outros,outros,NA,NA
535,congresso-remoto,Congresso Remoto,NA,NA,Outros,outros,NA,NA
536,congresso-remoto,Congresso Remoto,NA,NA,Outros,outros,NA,NA
537,congresso-remoto,Congresso Remoto,NA,NA,Outros,outros,NA,NA
538,congresso-remoto,Congresso Remoto,NA,NA,Outros,outros,NA,NA
539,congresso-remoto,Congresso Remoto,NA,NA,Outros,outros,NA,NA
540,congresso-remoto,Congresso Remoto,NA,NA,Outros,outros,NA,NA
541,congresso-remoto,Congresso Remoto,NA,NA,Outros,outros,NA,NA
542,congresso-remoto,Congresso Remoto,NA,NA,Outros,outros,NA,NA
543,congresso-remoto,Congresso Remoto,NA,NA,Outros,outros,NA,NA
544,congresso-remoto,Congresso Remoto,NA,NA,Outros,outros,NA,NA
545,congresso-remoto,Congresso Remoto,NA,NA,Outros,outros,NA,NA
546,congresso-remoto,Congresso Remoto,NA,NA,Outros,outros,NA,NA
547,congresso-remoto,Congresso Remoto,NA,NA,Outros,outros,NA,NA
548,congresso-remoto,Congresso Remoto,NA,NA,Outros,outros,NA,NA
549,congresso-remoto,Congresso Remoto,NA,NA,Direitos Humanos,direitos-humanos,NA,NA
550,congresso-remoto,Congresso Remoto,NA,NA,Desenvolvimento Socioambiental,desenvolvimento-socioambiental,NA,NA
551,congresso-remoto,Congresso Remoto,NA,NA,Outros,outros,NA,NA
552,congresso-remoto,Congresso Remoto,NA,NA,Outros,outros,NA,NA
553,congresso-remoto,Congresso Remoto,NA,NA,Direitos Humanos;Migração e Refúgio,direitos-humanos;migracao-e-refugio,NA,NA
554,congresso-remoto,Congresso Remoto,NA,NA,Outros,outros,NA,NA
555,congresso-remoto,Congresso Remoto,NA,NA,Transparência e Integridade;Direitos Humanos;Migração e Refúgio,transparencia-e-integridade;direitos-humanos;migracao-e-refugio,https://www.migramundo.com/associacoes-e-imigrantes-pedem-inclusao-de-nacionalidade-nos-registros-do-ministerio-da-saude/; https://drive.google.com/file/d/1NYMGIxs-NJO_QvV1xPMlOm1-JW7lIKXh/view?usp=sharing,NA
556,congresso-remoto,Congresso Remoto,NA,NA,Outros,outros,NA,NA
557,congresso-remoto,Congresso Remoto,NA,NA,Outros,outros,NA,NA
558,congresso-remoto,Congresso Remoto,NA,NA,Outros,outros,NA,NA
559,congresso-remoto,Congresso Remoto,NA,NA,Outros,outros,NA,NA
560,congresso-remoto,Congresso Remoto,NA,NA,Direitos Humanos,direitos-humanos,NA,NA
561,congresso-remoto,Congresso Remoto,NA,NA,Outros,outros,NA,NA
562,congresso-remoto,Congresso Remoto,NA,NA,Outros,outros,NA,NA
563,congresso-remoto,Congresso Remoto,NA,NA,Outros,outros,NA,NA
564,congresso-remoto,Congresso Remoto,NA,NA,Outros,outros,NA,NA
565,congresso-remoto,Congresso Remoto,NA,NA,Outros,outros,NA,NA
567,congresso-remoto,Congresso Remoto,NA,NA,Outros,outros,NA,NA
568,congresso-remoto,Congresso Remoto,NA,NA,Outros,outros,NA,NA
569,congresso-remoto,Congresso Remoto,NA,NA,Outros,outros,NA,NA
571,congresso-remoto,Congresso Remoto,NA,NA,Outros,outros,NA,NA
572,congresso-remoto,Congresso Remoto,NA,NA,Outros,outros,NA,NA
573,congresso-remoto,Congresso Remoto,NA,NA,Outros,outros,NA,NA
574,congresso-remoto,Congresso Remoto,NA,NA,Direitos Humanos,direitos-humanos,NA,NA
575,congresso-remoto,Congresso Remoto,NA,NA,Outros,outros,NA,NA
576,congresso-remoto,Congresso Remoto,NA,NA,Outros,outros,NA,NA
577,congresso-remoto,Congresso Remoto,NA,NA,Direitos Humanos,direitos-humanos,NA,NA
578,congresso-remoto,Congresso Remoto,NA,NA,Outros,outros,NA,NA
579,congresso-remoto,Congresso Remoto,NA,NA,Outros,outros,NA,NA
580,congresso-remoto,Congresso Remoto,NA,NA,Outros,outros,NA,NA
581,congresso-remoto,Congresso Remoto,NA,NA,Outros,outros,NA,NA
582,congresso-remoto,Congresso Remoto,NA,NA,Outros,outros,NA,NA
583,congresso-remoto,Congresso Remoto,NA,NA,Outros,outros,NA,NA
584,congresso-remoto,Congresso Remoto,NA,NA,Outros,outros,NA,NA
585,congresso-remoto,Congresso Remoto,NA,NA,Outros,outros,NA,NA
586,congresso-remoto,Congresso Remoto,NA,NA,Outros,outros,NA,NA
587,congresso-remoto,Congresso Remoto,NA,NA,Outros,outros,NA,NA
588,congresso-remoto,Congresso Remoto,NA,NA,Direitos Humanos,direitos-humanos,NA,NA
589,congresso-remoto,Congresso Remoto,NA,NA,Outros,outros,NA,NA
590,congresso-remoto,Congresso Remoto,NA,NA,Outros,outros,NA,NA
591,congresso-remoto,Congresso Remoto,NA,NA,Outros,outros,NA,NA
592,congresso-remoto,Congresso Remoto,NA,NA,Outros,outros,NA,NA
593,congresso-remoto,Congresso Remoto,NA,NA,Outros,outros,NA,NA
594,congresso-remoto,Congresso Remoto,NA,NA,Outros,outros,NA,NA
595,congresso-remoto,Congresso Remoto,NA,NA,Direitos Humanos,direitos-humanos,NA,NA
596,congresso-remoto,Congresso Remoto,NA,NA,Outros,outros,NA,NA
597,congresso-remoto,Congresso Remoto,NA,NA,Outros,outros,NA,NA
598,congresso-remoto,Congresso Remoto,NA,NA,Outros,outros,NA,NA
599,congresso-remoto,Congresso Remoto,NA,NA,Outros,outros,NA,NA
600,congresso-remoto,Congresso Remoto,NA,NA,Direitos Humanos,direitos-humanos,NA,NA
601,congresso-remoto,Congresso Remoto,NA,NA,Outros,outros,NA,NA
602,congresso-remoto,Congresso Remoto,NA,NA,Outros,outros,NA,NA
603,congresso-remoto,Congresso Remoto,NA,NA,Outros,outros,NA,NA
604,congresso-remoto,Congresso Remoto,NA,NA,Transparência e Integridade,transparencia-e-integridade,NA,NA
605,congresso-remoto,Congresso Remoto,NA,NA,Outros,outros,NA,NA
606,congresso-remoto,Congresso Remoto,NA,NA,Outros,outros,NA,NA
607,congresso-remoto,Congresso Remoto,NA,NA,Outros,outros,NA,NA
608,congresso-remoto,Congresso Remoto,NA,NA,Outros,outros,NA,NA
609,congresso-remoto,Congresso Remoto,NA,NA,Direitos Humanos;Trabalho Decente,direitos-humanos;trabalho-decente,NA,NA
610,congresso-remoto,Congresso Remoto,NA,NA,Direitos Humanos,direitos-humanos,NA,NA
611,congresso-remoto,Congresso Remoto,NA,NA,Transparência e Integridade,transparencia-e-integridade,NA,NA
612,congresso-remoto,Congresso Remoto,NA,NA,Outros,outros,NA,NA
613,congresso-remoto,Congresso Remoto,NA,NA,Outros,outros,NA,NA
614,congresso-remoto,Congresso Remoto,NA,NA,Direitos Humanos,direitos-humanos,NA,NA
615,congresso-remoto,Congresso Remoto,NA,NA,Outros,outros,NA,NA
617,congresso-remoto,Congresso Remoto,NA,NA,Transparência e Integridade,transparencia-e-integridade,NA,NA
618,congresso-remoto,Congresso Remoto,NA,NA,Outros,outros,NA,NA
619,congresso-remoto,Congresso Remoto,NA,NA,Transparência e Integridade;Direitos Humanos,transparencia-e-integridade;direitos-humanos,NA,NA
620,congresso-remoto,Congresso Remoto,NA,NA,Outros,outros,NA,NA
621,congresso-remoto,Congresso Remoto,NA,NA,Outros,outros,NA,NA
622,congresso-remoto,Congresso Remoto,NA,NA,Outros,outros,NA,NA
623,congresso-remoto,Congresso Remoto,NA,NA,Outros,outros,NA,NA
624,congresso-remoto,Congresso Remoto,NA,NA,Transparência e Integridade,transparencia-e-integridade,NA,NA
625,congresso-remoto,Congresso Remoto,NA,NA,Outros,outros,NA,NA
626,congresso-remoto,Congresso Remoto,NA,NA,Transparência e Integridade,transparencia-e-integridade,NA,NA
628,congresso-remoto,Congresso Remoto,NA,NA,Outros,outros,NA,NA
629,congresso-remoto,Congresso Remoto,NA,NA,Outros,outros,NA,NA
630,congresso-remoto,Congresso Remoto,NA,NA,Outros,outros,NA,NA
631,congresso-remoto,Congresso Remoto,NA,NA,Transparência e Integridade,transparencia-e-integridade,NA,NA
632,congresso-remoto,Congresso Remoto,NA,NA,Direitos Humanos;Educação,direitos-humanos;educacao,NA,NA
633,congresso-remoto,Congresso Remoto,NA,NA,Transparência e Integridade,transparencia-e-integridade,NA,NA
634,congresso-remoto,Congresso Remoto,NA,NA,Outros,outros,NA,NA
636,congresso-remoto,Congresso Remoto,NA,NA,Transparência e Integridade,transparencia-e-integridade,NA,NA
637,congresso-remoto,Congresso Remoto,NA,NA,Outros,outros,NA,NA
638,congresso-remoto,Congresso Remoto,NA,NA,Transparência e Integridade,transparencia-e-integridade,NA,NA
639,congresso-remoto,Congresso Remoto,NA,NA,Transparência e Integridade,transparencia-e-integridade,NA,NA
640,congresso-remoto,Congresso Remoto,NA,NA,Outros,outros,NA,NA
641,congresso-remoto,Congresso Remoto,NA,NA,Transparência e Integridade,transparencia-e-integridade,NA,NA
642,congresso-remoto,Congresso Remoto,NA,NA,Outros,outros,NA,NA
643,congresso-remoto,Congresso Remoto,NA,NA,Outros,outros,NA,NA
644,congresso-remoto,Congresso Remoto,NA,NA,Outros,outros,NA,NA
645,congresso-remoto,Congresso Remoto,NA,NA,Outros,outros,NA,NA
646,congresso-remoto,Congresso Remoto,NA,NA,Outros,outros,NA,NA
647,congresso-remoto,Congresso Remoto,NA,NA,Outros,outros,NA,NA
648,congresso-remoto,Congresso Remoto,NA,NA,Direitos Humanos,direitos-humanos,NA,NA
649,congresso-remoto,Congresso Remoto,NA,NA,Outros,outros,NA,NA
650,congresso-remoto,Congresso Remoto,NA,NA,Transparência e Integridade,transparencia-e-integridade,NA,NA
653,congresso-remoto,Congresso Remoto,NA,NA,Transparência e Integridade,transparencia-e-integridade,NA,NA
654,congresso-remoto,Congresso Remoto,NA,NA,Transparência e Integridade,transparencia-e-integridade,NA,NA
655,congresso-remoto,Congresso Remoto,NA,NA,Transparência e Integridade,transparencia-e-integridade,NA,NA
656,congresso-remoto,Congresso Remoto,NA,NA,Outros,outros,NA,NA
657,congresso-remoto,Congresso Remoto,NA,NA,Outros,outros,NA,NA
658,congresso-remoto,Congresso Remoto,NA,NA,Desenvolvimento Socioambiental,desenvolvimento-socioambiental,NA,NA
659,congresso-remoto,Congresso Remoto,NA,NA,Outros,outros,NA,NA
660,congresso-remoto,Congresso Remoto,NA,NA,Outros,outros,NA,NA
661,congresso-remoto,Congresso Remoto,NA,NA,Transparência e Integridade,transparencia-e-integridade,NA,NA
662,congresso-remoto,Congresso Remoto,NA,NA,Outros,outros,NA,NA
663,congresso-remoto,Congresso Remoto,NA,NA,Outros,outros,NA,NA
664,congresso-remoto,Congresso Remoto,NA,NA,Outros,outros,NA,NA
665,congresso-remoto,Congresso Remoto,NA,NA,Outros,outros,NA,NA
666,congresso-remoto,Congresso Remoto,NA,NA,Outros,outros,NA,NA
667,congresso-remoto,Congresso Remoto,NA,NA,Outros,outros,NA,NA
669,congresso-remoto,Congresso Remoto,NA,NA,Transparência e Integridade,transparencia-e-integridade,NA,NA
670,congresso-remoto,Congresso Remoto,NA,NA,Transparência e Integridade,transparencia-e-integridade,NA,NA
671,congresso-remoto,Congresso Remoto,NA,NA,Outros,outros,NA,NA
672,congresso-remoto,Congresso Remoto,NA,NA,Outros,outros,NA,NA
673,congresso-remoto,Congresso Remoto,NA,NA,Outros,outros,NA,NA
674,congresso-remoto,Congresso Remoto,NA,NA,Outros,outros,NA,NA
675,congresso-remoto,Congresso Remoto,NA,NA,Transparência e Integridade,transparencia-e-integridade,NA,NA
676,congresso-remoto,Congresso Remoto,NA,NA,Outros,outros,NA,NA
677,congresso-remoto,Congresso Remoto,NA,NA,Outros,outros,NA,NA
679,congresso-remoto,Congresso Remoto,NA,NA,Outros,outros,NA,NA
680,congresso-remoto,Congresso Remoto,NA,NA,Direitos Humanos,direitos-humanos,NA,NA
681,congresso-remoto,Congresso Remoto,NA,NA,Direitos Humanos;Trabalho Decente,direitos-humanos;trabalho-decente,NA,NA
682,congresso-remoto,Congresso Remoto,NA,NA,Outros,outros,NA,NA
682,congresso-remoto,Congresso Remoto,NA,NA,Transparência e Integridade,transparencia-e-integridade,NA,NA
683,congresso-remoto,Congresso Remoto,NA,NA,Direitos Humanos;Trabalho Decente,direitos-humanos;trabalho-decente,NA,NA
684,congresso-remoto,Congresso Remoto,NA,NA,Outros,outros,NA,NA
685,congresso-remoto,Congresso Remoto,NA,NA,Outros,outros,NA,NA
686,congresso-remoto,Congresso Remoto,NA,NA,Direitos Humanos,direitos-humanos,NA,NA
687,congresso-remoto,Congresso Remoto,NA,NA,Outros,outros,NA,NA
688,congresso-remoto,Congresso Remoto,NA,NA,Outros,outros,NA,NA
689,congresso-remoto,Congresso Remoto,NA,NA,Outros,outros,NA,NA
690,congresso-remoto,Congresso Remoto,NA,NA,Transparência e Integridade,transparencia-e-integridade,NA,NA
691,congresso-remoto,Congresso Remoto,NA,NA,Transparência e Integridade,transparencia-e-integridade,NA,NA
692,congresso-remoto,Congresso Remoto,NA,NA,Direitos Humanos,direitos-humanos,NA,NA
694,congresso-remoto,Congresso Remoto,NA,NA,Outros,outros,NA,NA
695,congresso-remoto,Congresso Remoto,NA,NA,Outros,outros,NA,NA
696,congresso-remoto,Congresso Remoto,NA,NA,Outros,outros,NA,NA
697,congresso-remoto,Congresso Remoto,NA,NA,Outros,outros,NA,NA
699,congresso-remoto,Congresso Remoto,NA,NA,Outros,outros,NA,NA
700,congresso-remoto,Congresso Remoto,NA,NA,Outros,outros,NA,NA
701,congresso-remoto,Congresso Remoto,NA,NA,Outros,outros,NA,NA
705,congresso-remoto,Congresso Remoto,NA,NA,Outros,outros,NA,NA
706,congresso-remoto,Congresso Remoto,NA,NA,Outros,outros,NA,NA
707,congresso-remoto,Congresso Remoto,NA,NA,Outros,outros,NA,NA
708,congresso-remoto,Congresso Remoto,NA,NA,Outros,outros,NA,NA
709,congresso-remoto,Congresso Remoto,NA,NA,Outros,outros,NA,NA
710,congresso-remoto,Congresso Remoto,NA,NA,Outros,outros,NA,NA
711,congresso-remoto,Congresso Remoto,NA,NA,Outros,outros,NA,NA
712,congresso-remoto,Congresso Remoto,NA,NA,Outros,outros,NA,NA
714,congresso-remoto,Congresso Remoto,NA,NA,Outros,outros,NA,NA
716,congresso-remoto,Congresso Remoto,NA,NA,Outros,outros,NA,NA
717,congresso-remoto,Congresso Remoto,NA,NA,Outros,outros,NA,NA
718,congresso-remoto,Congresso Remoto,NA,NA,Outros,outros,NA,NA
719,congresso-remoto,Congresso Remoto,NA,NA,Outros,outros,NA,NA
721,congresso-remoto,Congresso Remoto,NA,NA,Outros,outros,NA,NA
722,congresso-remoto,Congresso Remoto,NA,NA,Outros,outros,NA,NA
725,congresso-remoto,Congresso Remoto,NA,NA,Outros,outros,NA,NA
726,congresso-remoto,Congresso Remoto,NA,NA,Outros,outros,NA,NA
728,congresso-remoto,Congresso Remoto,NA,NA,Outros,outros,NA,NA
729,congresso-remoto,Congresso Remoto,NA,NA,Outros,outros,NA,NA
730,congresso-remoto,Congresso Remoto,NA,NA,Outros,outros,NA,NA
731,congresso-remoto,Congresso Remoto,NA,NA,Transparência e Integridade,transparencia-e-integridade,NA,NA
732,congresso-remoto,Congresso Remoto,NA,NA,Outros,outros,NA,NA
733,congresso-remoto,Congresso Remoto,NA,NA,Outros,outros,NA,NA
734,congresso-remoto,Congresso Remoto,NA,NA,Outros,outros,NA,NA
735,congresso-remoto,Congresso Remoto,NA,NA,Outros,outros,NA,NA
736,congresso-remoto,Congresso Remoto,NA,NA,Outros,outros,NA,NA
737,congresso-remoto,Congresso Remoto,NA,NA,Outros,outros,NA,NA
738,congresso-remoto,Congresso Remoto,NA,NA,Outros,outros,NA,NA
739,congresso-remoto,Congresso Remoto,NA,NA,Outros,outros,NA,NA
740,congresso-remoto,Congresso Remoto,NA,NA,Outros,outros,NA,NA
741,congresso-remoto,Congresso Remoto,NA,NA,Outros,outros,NA,NA
742,congresso-remoto,Congresso Remoto,NA,NA,Outros,outros,NA,NA
743,congresso-remoto,Congresso Remoto,NA,NA,Outros,outros,NA,NA
744,congresso-remoto,Congresso Remoto,NA,NA,Outros,outros,NA,NA
745,congresso-remoto,Congresso Remoto,NA,NA,Transparência e Integridade,transparencia-e-integridade,NA,NA
746,congresso-remoto,Congresso Remoto,NA,NA,Outros,outros,NA,NA
747,congresso-remoto,Congresso Remoto,NA,NA,Direitos Humanos,direitos-humanos,NA,NA
749,congresso-remoto,Congresso Remoto,NA,NA,Outros,outros,NA,NA
750,congresso-remoto,Congresso Remoto,NA,NA,Outros,outros,NA,NA
752,congresso-remoto,Congresso Remoto,NA,NA,Outros,outros,NA,NA
753,congresso-remoto,Congresso Remoto,NA,NA,Direitos Humanos,direitos-humanos,NA,NA
754,congresso-remoto,Congresso Remoto,Fake News,NA,Transparência e Integridade,transparencia-e-integridade,https://drive.google.com/file/d/1pU0ib8DyZZjFz3nnXxZdhsZ82sLdZxVm/view?usp=sharing;,NA
755,congresso-remoto,Congresso Remoto,Fake News,NA,Transparência e Integridade,transparencia-e-integridade,https://drive.google.com/file/d/1pU0ib8DyZZjFz3nnXxZdhsZ82sLdZxVm/view?usp=sharing;,NA
760,congresso-remoto,Congresso Remoto,NA,NA,Outros,outros,NA,NA
761,congresso-remoto,Congresso Remoto,NA,NA,Transparência e Integridade,transparencia-e-integridade,NA,NA
762,congresso-remoto,Congresso Remoto,NA,NA,Transparência e Integridade,transparencia-e-integridade,NA,NA
763,congresso-remoto,Congresso Remoto,NA,NA,Transparência e Integridade,transparencia-e-integridade,NA,NA
764,congresso-remoto,Congresso Remoto,NA,NA,Outros,outros,NA,NA
765,congresso-remoto,Congresso Remoto,NA,NA,Outros,outros,NA,NA
766,congresso-remoto,Congresso Remoto,NA,NA,Outros,outros,NA,NA
767,congresso-remoto,Congresso Remoto,NA,NA,Outros,outros,NA,NA
769,congresso-remoto,Congresso Remoto,NA,NA,Outros,outros,NA,NA
770,congresso-remoto,Congresso Remoto,NA,NA,Outros,outros,NA,NA
771,congresso-remoto,Congresso Remoto,NA,NA,Direitos Humanos;Trabalho Decente,direitos-humanos;trabalho-decente,NA,NA
772,congresso-remoto,Congresso Remoto,NA,NA,Direitos Humanos;Trabalho Decente,direitos-humanos;trabalho-decente,NA,NA
773,congresso-remoto,Congresso Remoto,NA,NA,Outros,outros,NA,NA
775,congresso-remoto,Congresso Remoto,NA,NA,Direitos Humanos,direitos-humanos,NA,NA
776,congresso-remoto,Congresso Remoto,NA,NA,Outros,outros,NA,NA
777,congresso-remoto,Congresso Remoto,NA,NA,Outros,outros,NA,NA
778,congresso-remoto,Congresso Remoto,NA,NA,Nova Economia,nova-economia,NA,NA
779,congresso-remoto,Congresso Remoto,NA,NA,Outros,outros,NA,NA
780,congresso-remoto,Congresso Remoto,NA,NA,Outros,outros,NA,NA
781,congresso-remoto,Congresso Remoto,NA,NA,Outros,outros,NA,NA
782,congresso-remoto,Congresso Remoto,NA,NA,Direitos Humanos,direitos-humanos,NA,NA
784,congresso-remoto,Congresso Remoto,NA,NA,Outros,outros,NA,NA
785,congresso-remoto,Congresso Remoto,NA,NA,Outros,outros,NA,NA
786,congresso-remoto,Congresso Remoto,NA,NA,Outros,outros,NA,NA
787,congresso-remoto,Congresso Remoto,NA,NA,Outros,outros,NA,NA
788,congresso-remoto,Congresso Remoto,NA,NA,Outros,outros,NA,NA
792,congresso-remoto,Congresso Remoto,NA,NA,Outros,outros,NA,NA
793,congresso-remoto,Congresso Remoto,NA,NA,Transparência e Integridade,transparencia-e-integridade,NA,NA
794,congresso-remoto,Congresso Remoto,NA,NA,Transparência e Integridade,transparencia-e-integridade,NA,NA
795,congresso-remoto,Congresso Remoto,NA,NA,Outros,outros,NA,NA
796,congresso-remoto,Congresso Remoto,NA,NA,Transparência e Integridade,transparencia-e-integridade,NA,NA
797,congresso-remoto,Congresso Remoto,NA,NA,Outros,outros,NA,NA
798,congresso-remoto,Congresso Remoto,NA,NA,Outros,outros,NA,NA
799,congresso-remoto,Congresso Remoto,NA,NA,Outros,outros,NA,NA
800,congresso-remoto,Congresso Remoto,NA,NA,Outros,outros,NA,NA
801,congresso-remoto,Congresso Remoto,NA,NA,Outros,outros,NA,NA
802,congresso-remoto,Congresso Remoto,NA,NA,Outros,outros,NA,NA
804,congresso-remoto,Congresso Remoto,NA,NA,Outros,outros,NA,NA
805,congresso-remoto,Congresso Remoto,NA,NA,Outros,outros,NA,NA
806,congresso-remoto,Congresso Remoto,NA,NA,Outros,outros,NA,NA
807,congresso-remoto,Congresso Remoto,NA,NA,Outros,outros,NA,NA
808,congresso-remoto,Congresso Remoto,NA,NA,Transparência e Integridade,transparencia-e-integridade,NA,NA
809,congresso-remoto,Congresso Remoto,NA,NA,Transparência e Integridade,transparencia-e-integridade,NA,NA
810,congresso-remoto,Congresso Remoto,NA,NA,Nova Economia,nova-economia,NA,NA
813,congresso-remoto,Congresso Remoto,NA,NA,Outros,outros,NA,NA
814,congresso-remoto,Congresso Remoto,NA,NA,Direitos Humanos;Educação,direitos-humanos;educacao,NA,NA
815,congresso-remoto,Congresso Remoto,NA,NA,Direitos Humanos,direitos-humanos,NA,NA
816,congresso-remoto,Congresso Remoto,NA,NA,Transparência e Integridade,transparencia-e-integridade,NA,NA
817,congresso-remoto,Congresso Remoto,NA,NA,Transparência e Integridade,transparencia-e-integridade,NA,NA
818,congresso-remoto,Congresso Remoto,NA,NA,Transparência e Integridade,transparencia-e-integridade,NA,NA
820,congresso-remoto,Congresso Remoto,NA,NA,Transparência e Integridade,transparencia-e-integridade,NA,NA
821,congresso-remoto,Congresso Remoto,NA,NA,Transparência e Integridade,transparencia-e-integridade,NA,NA
822,congresso-remoto,Congresso Remoto,NA,NA,Outros,outros,NA,NA
823,congresso-remoto,Congresso Remoto,NA,NA,Outros,outros,NA,NA
824,congresso-remoto,Congresso Remoto,NA,NA,Outros,outros,NA,NA
826,congresso-remoto,Congresso Remoto,NA,NA,Direitos Humanos;Segurança Pública,direitos-humanos;seguranca-publica,NA,NA
827,congresso-remoto,Congresso Remoto,NA,NA,Outros,outros,NA,NA
829,congresso-remoto,Congresso Remoto,Reforma Tributária,NA,Outros,outros,NA,NA
829,reforma-tributaria,Reforma Tributária,NA,NA,Geral,geral,NA,NA
830,congresso-remoto,Congresso Remoto,NA,NA,Direitos Humanos;Trabalho Decente,direitos-humanos;trabalho-decente,NA,NA
831,congresso-remoto,Congresso Remoto,NA,NA,Outros,outros,NA,NA
833,congresso-remoto,Congresso Remoto,NA,NA,Direitos Humanos,direitos-humanos,NA,NA
834,congresso-remoto,Congresso Remoto,NA,NA,Outros,outros,NA,NA
835,congresso-remoto,Congresso Remoto,NA,NA,Outros,outros,NA,NA
836,congresso-remoto,Congresso Remoto,NA,NA,Outros,outros,NA,NA
837,congresso-remoto,Congresso Remoto,NA,NA,Outros,outros,NA,NA
838,congresso-remoto,Congresso Remoto,NA,NA,Outros,outros,NA,NA
839,congresso-remoto,Congresso Remoto,NA,NA,Outros,outros,NA,NA
840,congresso-remoto,Congresso Remoto,NA,NA,Outros,outros,NA,NA
840,reforma-tributaria,Reforma Tributária,NA,NA,Social,social,NA,NA
841,congresso-remoto,Congresso Remoto,NA,NA,Outros,outros,NA,NA
842,congresso-remoto,Congresso Remoto,NA,NA,Nova Economia,nova-economia,NA,NA
843,congresso-remoto,Congresso Remoto,NA,NA,Outros,outros,NA,NA
844,congresso-remoto,Congresso Remoto,NA,NA,Outros,outros,NA,NA
845,congresso-remoto,Congresso Remoto,NA,NA,Outros,outros,NA,NA
846,congresso-remoto,Congresso Remoto,NA,NA,Outros,outros,NA,NA
847,congresso-remoto,Congresso Remoto,NA,NA,Outros,outros,NA,NA
848,congresso-remoto,Congresso Remoto,NA,NA,Outros,outros,NA,NA
849,congresso-remoto,Congresso Remoto,NA,NA,Outros,outros,NA,NA
850,congresso-remoto,Congresso Remoto,NA,NA,Outros,outros,NA,NA
851,congresso-remoto,Congresso Remoto,NA,NA,Outros,outros,NA,NA
852,congresso-remoto,Congresso Remoto,NA,NA,Outros,outros,NA,NA
853,congresso-remoto,Congresso Remoto,NA,NA,Outros,outros,NA,NA
854,congresso-remoto,Congresso Remoto,NA,NA,Outros,outros,NA,NA
855,congresso-remoto,Congresso Remoto,NA,NA,Outros,outros,NA,NA
856,congresso-remoto,Congresso Remoto,NA,NA,Outros,outros,NA,NA
857,congresso-remoto,Congresso Remoto,NA,NA,Outros,outros,NA,NA
858,congresso-remoto,Congresso Remoto,NA,NA,Outros,outros,NA,NA
859,congresso-remoto,Congresso Remoto,NA,NA,Transparência e Integridade,transparencia-e-integridade,NA,NA
860,congresso-remoto,Congresso Remoto,NA,NA,Outros,outros,NA,NA
861,congresso-remoto,Congresso Remoto,NA,NA,Outros,outros,NA,NA
862,congresso-remoto,Congresso Remoto,NA,NA,Trabalho Decente,trabalho-decente,NA,NA
863,congresso-remoto,Congresso Remoto,NA,NA,Outros,outros,NA,NA
864,congresso-remoto,Congresso Remoto,NA,NA,Outros,outros,NA,NA
865,congresso-remoto,Congresso Remoto,NA,NA,Outros,outros,NA,NA
866,congresso-remoto,Congresso Remoto,NA,NA,Outros,outros,NA,NA
867,congresso-remoto,Congresso Remoto,NA,NA,Outros,outros,NA,NA
868,congresso-remoto,Congresso Remoto,NA,NA,Outros,outros,NA,NA
869,congresso-remoto,Congresso Remoto,NA,NA,Outros,outros,NA,NA
870,congresso-remoto,Congresso Remoto,NA,NA,Outros,outros,NA,NA
871,congresso-remoto,Congresso Remoto,NA,NA,Outros,outros,NA,NA
872,congresso-remoto,Congresso Remoto,NA,NA,Outros,outros,NA,NA
873,congresso-remoto,Congresso Remoto,NA,NA,Outros,outros,NA,NA
874,congresso-remoto,Congresso Remoto,NA,NA,Outros,outros,NA,NA
875,congresso-remoto,Congresso Remoto,NA,NA,Transparência e Integridade,transparencia-e-integridade,NA,NA
876,congresso-remoto,Congresso Remoto,NA,NA,Outros,outros,NA,NA
877,congresso-remoto,Congresso Remoto,NA,NA,Outros,outros,NA,NA
878,congresso-remoto,Congresso Remoto,NA,NA,Outros,outros,NA,NA
881,congresso-remoto,Congresso Remoto,NA,NA,Desenvolvimento Socioambiental,desenvolvimento-socioambiental,NA,NA
886,congresso-remoto,Congresso Remoto,NA,NA,Outros,outros,NA,NA
888,congresso-remoto,Congresso Remoto,NA,NA,Outros,outros,NA,NA
889,congresso-remoto,Congresso Remoto,NA,NA,Direitos Humanos,direitos-humanos,NA,NA
890,congresso-remoto,Congresso Remoto,NA,NA,Outros,outros,NA,NA
891,congresso-remoto,Congresso Remoto,NA,NA,Outros,outros,NA,NA
892,congresso-remoto,Congresso Remoto,NA,NA,Outros,outros,NA,NA
893,congresso-remoto,Congresso Remoto,NA,NA,Outros,outros,NA,NA
894,congresso-remoto,Congresso Remoto,NA,NA,Outros,outros,NA,NA
895,congresso-remoto,Congresso Remoto,NA,NA,Outros,outros,NA,NA
896,congresso-remoto,Congresso Remoto,NA,NA,Outros,outros,NA,NA
899,congresso-remoto,Congresso Remoto,NA,NA,Outros,outros,NA,NA
900,congresso-remoto,Congresso Remoto,NA,NA,Outros,outros,NA,NA
901,congresso-remoto,Congresso Remoto,NA,NA,Outros,outros,NA,NA
902,congresso-remoto,Congresso Remoto,NA,NA,Outros,outros,NA,NA
905,congresso-remoto,Congresso Remoto,NA,NA,Desenvolvimento Socioambiental,desenvolvimento-socioambiental,NA,NA
906,congresso-remoto,Congresso Remoto,NA,NA,Trabalho Decente;Direitos Humanos,trabalho-decente;direitos-humanos,NA,NA
907,congresso-remoto,Congresso Remoto,NA,NA,Outros,outros,NA,NA
908,congresso-remoto,Congresso Remoto,NA,NA,Outros,outros,NA,NA
909,congresso-remoto,Congresso Remoto,NA,NA,Outros,outros,NA,NA
910,congresso-remoto,Congresso Remoto,NA,NA,Outros,outros,NA,NA
912,congresso-remoto,Congresso Remoto,NA,NA,Transparência e Integridade,transparencia-e-integridade,NA,NA
913,congresso-remoto,Congresso Remoto,NA,NA,Direitos Humanos;Trabalho Decente,direitos-humanos;trabalho-decente,NA,NA
915,congresso-remoto,Congresso Remoto,NA,NA,Outros,outros,NA,NA
916,congresso-remoto,Congresso Remoto,NA,NA,Outros,outros,NA,NA
918,congresso-remoto,Congresso Remoto,NA,NA,Outros,outros,NA,NA
919,congresso-remoto,Congresso Remoto,NA,NA,Outros,outros,NA,NA
920,congresso-remoto,Congresso Remoto,NA,NA,Outros,outros,NA,NA
922,congresso-remoto,Congresso Remoto,NA,NA,Desenvolvimento Socioambiental,desenvolvimento-socioambiental,NA,NA
925,congresso-remoto,Congresso Remoto,NA,NA,Trabalho Decente;Direitos Humanos,trabalho-decente;direitos-humanos,NA,NA
926,congresso-remoto,Congresso Remoto,NA,NA,Trabalho Decente;Direitos Humanos,trabalho-decente;direitos-humanos,NA,NA
927,congresso-remoto,Congresso Remoto,NA,NA,Outros,outros,NA,NA
928,congresso-remoto,Congresso Remoto,NA,NA,Outros,outros,NA,NA
929,congresso-remoto,Congresso Remoto,NA,NA,Trabalho Decente;Direitos Humanos,trabalho-decente;direitos-humanos,NA,NA
930,congresso-remoto,Congresso Remoto,NA,NA,Outros,outros,NA,NA
931,congresso-remoto,Congresso Remoto,NA,NA,Outros,outros,NA,NA
932,congresso-remoto,Congresso Remoto,NA,NA,Outros,outros,NA,NA
933,congresso-remoto,Congresso Remoto,NA,NA,Outros,outros,NA,NA
934,congresso-remoto,Congresso Remoto,NA,NA,Outros,outros,NA,NA
935,congresso-remoto,Congresso Remoto,NA,NA,Trabalho Decente;Direitos Humanos,trabalho-decente;direitos-humanos,NA,NA
936,congresso-remoto,Congresso Remoto,NA,NA,Trabalho Decente;Direitos Humanos,trabalho-decente;direitos-humanos,NA,NA
937,congresso-remoto,Congresso Remoto,NA,NA,Outros,outros,NA,NA
938,congresso-remoto,Congresso Remoto,NA,NA,Trabalho Decente;Direitos Humanos,trabalho-decente;direitos-humanos,NA,NA
939,congresso-remoto,Congresso Remoto,NA,NA,Outros,outros,NA,NA
940,congresso-remoto,Congresso Remoto,NA,NA,Outros,outros,NA,NA
942,congresso-remoto,Congresso Remoto,Fake News,NA,Outros,outros,NA,NA
943,congresso-remoto,Congresso Remoto,NA,NA,Outros,outros,NA,NA
944,congresso-remoto,Congresso Remoto,NA,NA,Outros,outros,NA,NA
945,congresso-remoto,Congresso Remoto,NA,NA,Outros,outros,NA,NA
946,congresso-remoto,Congresso Remoto,NA,NA,Outros,outros,NA,NA
952,reforma-tributaria,Reforma Tributária,NA,NA,Socioambiental,socioambiental,NA,NA
960,reforma-tributaria,Reforma Tributária,NA,NA,Socioambiental,socioambiental,NA,NA
967,reforma-tributaria,Reforma Tributária,NA,NA,Social,social,NA,NA
968,reforma-tributaria,Reforma Tributária,NA,NA,Social,social,NA,NA
969,reforma-tributaria,Reforma Tributária,NA,NA,Social,social,NA,NA
970,reforma-tributaria,Reforma Tributária,NA,NA,Social,social,NA,NA
971,reforma-tributaria,Reforma Tributária,NA,NA,Social,social,NA,NA
973,reforma-tributaria,Reforma Tributária,NA,NA,Social,social,NA,NA
974,reforma-tributaria,Reforma Tributária,NA,NA,Social,social,NA,NA
975,reforma-tributaria,Reforma Tributária,NA,NA,Social,social,NA,NA
976,reforma-tributaria,Reforma Tributária,NA,NA,Social,social,NA,NA
977,reforma-tributaria,Reforma Tributária,NA,NA,Social,social,NA,NA
978,reforma-tributaria,Reforma Tributária,NA,NA,Social,social,NA,NA
979,reforma-tributaria,Reforma Tributária,NA,NA,Social,social,NA,NA
988,reforma-tributaria,Reforma Tributária,NA,NA,OSC,osc,NA,NA
991,reforma-tributaria,Reforma Tributária,NA,NA,OSC,osc,NA,NA
993,reforma-tributaria,Reforma Tributária,NA,NA,OSC,osc,NA,NA
998,reforma-tributaria,Reforma Tributária,NA,NA,OSC,osc,NA,NA
1002,reforma-tributaria,Reforma Tributária,NA,NA,OSC,osc,NA,NA
1004,reforma-tributaria,Reforma Tributária,NA,NA,OSC,osc,NA,NA
