id_autor,nome,tipo_autor,uri_autor,id_documento,casa,partido,uf,email,forma_de_tratamento,indicador_outros_autores,nome_autor,nome_completo,num_ordem_autor,sexo,sigla_tipo_autor,uf_autor,url_foto
52,Lauro Campos,Senador,http://www25.senado.leg.br/web/senadores/senador/-/perfil/52,1489,senado,NA,DF,laurocam@senado.leg.br,Senador,Não,Lauro Campos,Lauro Álvares da Silva Campos,1,Masculino,SENADOR,DF,http://www.senado.leg.br/senadores/img/fotos-oficiais/senador52.jpg
111,Blairo Maggi,Senador,http://www25.senado.leg.br/web/senadores/senador/-/perfil/111,41703,senado,PL,MT,blairomaggi@senador.leg.br,Senador,Não,Blairo Maggi,Blairo Borges Maggi,1,Masculino,SENADOR,MT,http://www.senado.leg.br/senadores/img/fotos-oficiais/senador111.jpg
3396,Tasso Jereissati,Senador,http://www25.senado.leg.br/web/senadores/senador/-/perfil/3396,91341,senado,PSDB,CE,tasso.jereissati@senador.leg.br,Senador,Não,Tasso Jereissati,Tasso Ribeiro Jereissati,1,Masculino,SENADOR,CE,http://www.senado.leg.br/senadores/img/fotos-oficiais/senador3396.jpg
3362,Serys Slhessarenko,Senador,http://www25.senado.leg.br/web/senadores/senador/-/perfil/3362,96813,senado,PT,MT,serys@senadora.leg.br,Senadora,Não,Serys Slhessarenko,Serys Marly Slhessarenko,1,Feminino,SENADOR,MT,http://www.senado.leg.br/senadores/img/fotos-oficiais/senador3362.jpg
3634,Flexa Ribeiro,Senador,http://www25.senado.leg.br/web/senadores/senador/-/perfil/3634,102721,senado,PSDB,PA,flexa.ribeiro@senador.leg.br,Senador,Não,Flexa Ribeiro,Fernando de Souza Flexa Ribeiro,1,Masculino,SENADOR,PA,http://www.senado.leg.br/senadores/img/fotos-oficiais/senador3634.jpg
111,Blairo Maggi,Senador,http://www25.senado.leg.br/web/senadores/senador/-/perfil/111,103831,senado,PL,MT,blairomaggi@senador.leg.br,Senador,Não,Blairo Maggi,Blairo Borges Maggi,1,Masculino,SENADOR,MT,http://www.senado.leg.br/senadores/img/fotos-oficiais/senador111.jpg
3360,Delcídio do Amaral,Senador,http://www25.senado.leg.br/web/senadores/senador/-/perfil/3360,105128,senado,S/Partido,MS,delcidio.amaral@senador.leg.br,Senador,Sim,Delcídio do Amaral,Delcídio do Amaral Gomez,1,Masculino,SENADOR,MS,http://www.senado.leg.br/senadores/img/fotos-oficiais/senador3360.jpg
5048,Sergio Souza,Senador,http://www25.senado.leg.br/web/senadores/senador/-/perfil/5048,105128,senado,MDB,PR,sergiosouza@senado.leg.br,Senador,NA,Sergio Souza,Sergio de Souza,2,Masculino,SENADOR,PR,http://www.senado.leg.br/senadores/img/fotos-oficiais/senador5048.jpg
846,Aloysio Nunes Ferreira,Senador,http://www25.senado.leg.br/web/senadores/senador/-/perfil/846,106330,senado,PSDB,SP,aloysionunes.ferreira@senador.leg.br,Senador,Sim,Aloysio Nunes Ferreira,Aloysio Nunes Ferreira Filho,1,Masculino,SENADOR,SP,http://www.senado.leg.br/senadores/img/fotos-oficiais/senador846.jpg
391,Aécio Neves,Senador,http://www25.senado.leg.br/web/senadores/senador/-/perfil/391,106330,senado,PSDB,MG,aecio.neves@senador.leg.br,Senador,NA,Aécio Neves,Aécio Neves da Cunha,2,Masculino,SENADOR,MG,http://www.senado.leg.br/senadores/img/fotos-oficiais/senador391.jpg
945,Alvaro Dias,Senador,http://www25.senado.leg.br/web/senadores/senador/-/perfil/945,106330,senado,PODEMOS,PR,alvarodias@senador.leg.br,Senador,NA,Alvaro Dias,Alvaro Fernandes Dias,3,Masculino,SENADOR,PR,http://www.senado.leg.br/senadores/img/fotos-oficiais/senador945.jpg
4988,Ana Amélia,Senador,http://www25.senado.leg.br/web/senadores/senador/-/perfil/4988,106330,senado,PP,RS,ana.amelia@senadora.leg.br,Senadora,NA,Ana Amélia,Ana Amélia de Lemos,4,Feminino,SENADOR,RS,http://www.senado.leg.br/senadores/img/fotos-oficiais/senador4988.jpg
4837,Anibal Diniz,Senador,http://www25.senado.leg.br/web/senadores/senador/-/perfil/4837,106330,senado,PT,AC,anibal.diniz@senador.leg.br,Senador,NA,Anibal Diniz,Anibal Diniz,5,Masculino,SENADOR,AC,http://www.senado.leg.br/senadores/img/fotos-oficiais/senador4837.jpg
3,Antonio Carlos Valadares,Senador,http://www25.senado.leg.br/web/senadores/senador/-/perfil/3,106330,senado,PSB,SE,antoniocarlosvaladares@senador.leg.br,Senador,NA,Antonio Carlos Valadares,Antonio Carlos Valadares,6,Masculino,SENADOR,SE,http://www.senado.leg.br/senadores/img/fotos-oficiais/senador3.jpg
715,Armando Monteiro,Senador,http://www25.senado.leg.br/web/senadores/senador/-/perfil/715,106330,senado,PTB,PE,armando.monteiro@senador.leg.br,Senador,NA,Armando Monteiro,Armando de Queiroz Monteiro Neto,7,Masculino,SENADOR,PE,http://www.senado.leg.br/senadores/img/fotos-oficiais/senador715.jpg
111,Blairo Maggi,Senador,http://www25.senado.leg.br/web/senadores/senador/-/perfil/111,106330,senado,PL,MT,blairomaggi@senador.leg.br,Senador,NA,Blairo Maggi,Blairo Borges Maggi,8,Masculino,SENADOR,MT,http://www.senado.leg.br/senadores/img/fotos-oficiais/senador111.jpg
13,Casildo Maldaner,Senador,http://www25.senado.leg.br/web/senadores/senador/-/perfil/13,106330,senado,MDB,SC,casildomaldaner@senador.leg.br,Senador,NA,Casildo Maldaner,Casildo João Maldaner,9,Masculino,SENADOR,SC,http://www.senado.leg.br/senadores/img/fotos-oficiais/senador13.jpg
4529,Cícero Lucena,Senador,http://www25.senado.leg.br/web/senadores/senador/-/perfil/4529,106330,senado,PSDB,PB,cicero.lucena@senador.leg.br,Senador,NA,Cícero Lucena,Cícero de Lucena Filho,10,Masculino,SENADOR,PB,http://www.senado.leg.br/senadores/img/fotos-oficiais/senador4529.jpg
4877,Cyro Miranda,Senador,http://www25.senado.leg.br/web/senadores/senador/-/perfil/4877,106330,senado,PSDB,GO,cyro.miranda@senador.leg.br,Senador,NA,Cyro Miranda,Cyro Miranda Gifford Júnior,11,Masculino,SENADOR,GO,http://www.senado.leg.br/senadores/img/fotos-oficiais/senador4877.jpg
4994,Eduardo Braga,Senador,http://www25.senado.leg.br/web/senadores/senador/-/perfil/4994,106330,senado,MDB,AM,eduardo.braga@senador.leg.br,Senador,NA,Eduardo Braga,Carlos Eduardo de Souza Braga,12,Masculino,SENADOR,AM,http://www.senado.leg.br/senadores/img/fotos-oficiais/senador4994.jpg
612,Eunício Oliveira,Senador,http://www25.senado.leg.br/web/senadores/senador/-/perfil/612,106330,senado,MDB,CE,eunicio.oliveira@senador.leg.br,Senador,NA,Eunício Oliveira,Eunício Lopes de Oliveira,13,Masculino,SENADOR,CE,http://www.senado.leg.br/senadores/img/fotos-oficiais/senador612.jpg
3634,Flexa Ribeiro,Senador,http://www25.senado.leg.br/web/senadores/senador/-/perfil/3634,106330,senado,PSDB,PA,flexa.ribeiro@senador.leg.br,Senador,NA,Flexa Ribeiro,Fernando de Souza Flexa Ribeiro,14,Masculino,SENADOR,PA,http://www.senado.leg.br/senadores/img/fotos-oficiais/senador3634.jpg
765,Francisco Dornelles,Senador,http://www25.senado.leg.br/web/senadores/senador/-/perfil/765,106330,senado,PP,RJ,francisco.dornelles@senador.leg.br,Senador,NA,Francisco Dornelles,Francisco Oswaldo Neves Dornelles,15,Masculino,SENADOR,RJ,http://www.senado.leg.br/senadores/img/fotos-oficiais/senador765.jpg
5004,Ivo Cassol,Senador,http://www25.senado.leg.br/web/senadores/senador/-/perfil/5004,106330,senado,PP,RO,ivo.cassol@senador.leg.br,Senador,NA,Ivo Cassol,Ivo Narciso Cassol,16,Masculino,SENADOR,RO,http://www.senado.leg.br/senadores/img/fotos-oficiais/senador5004.jpg
4531,Jayme Campos,Senador,http://www25.senado.leg.br/web/senadores/senador/-/perfil/4531,106330,senado,DEM,MT,Sen.JaymeCampos@senado.leg.br,Senador,NA,Jayme Campos,Jayme Veríssimo de Campos,17,Masculino,SENADOR,MT,http://www.senado.leg.br/senadores/img/fotos-oficiais/senador4531.jpg
3394,João Capiberibe,Senador,http://www25.senado.leg.br/web/senadores/senador/-/perfil/3394,106330,senado,PSB,AP,joao.capiberibe@senador.leg.br,Senador,NA,João Capiberibe,João Alberto Rodrigues Capiberibe,18,Masculino,SENADOR,AP,http://www.senado.leg.br/senadores/img/fotos-oficiais/senador3394.jpg
4776,Jorge Afonso Argello,Senador,http://www25.senado.leg.br/web/senadores/senador/-/perfil/4776,106330,senado,PTB,DF,gim.argello@senador.leg.br,Senador,NA,Jorge Afonso Argello,Jorge Afonso Argello,19,Masculino,SENADOR,DF,http://www.senado.leg.br/senadores/img/fotos-oficiais/senador4776.jpg
40,José Agripino,Senador,http://www25.senado.leg.br/web/senadores/senador/-/perfil/40,106330,senado,DEM,RN,jose.agripino@senador.leg.br,Senador,NA,José Agripino,José Agripino Maia,20,Masculino,SENADOR,RN,http://www.senado.leg.br/senadores/img/fotos-oficiais/senador40.jpg
615,José Pimentel,Senador,http://www25.senado.leg.br/web/senadores/senador/-/perfil/615,106330,senado,PT,CE,jose.pimentel@senador.leg.br,Senador,NA,José Pimentel,José Barroso Pimentel,21,Masculino,SENADOR,CE,http://www.senado.leg.br/senadores/img/fotos-oficiais/senador615.jpg
952,Mozarildo Cavalcanti,Senador,http://www25.senado.leg.br/web/senadores/senador/-/perfil/952,106330,senado,PTB,RR,mozarildo@senador.leg.br,Senador,NA,Mozarildo Cavalcanti,Francisco Mozarildo de Melo Cavalcanti,22,Masculino,SENADOR,RR,http://www.senado.leg.br/senadores/img/fotos-oficiais/senador952.jpg
5010,Pedro Taques,Senador,http://www25.senado.leg.br/web/senadores/senador/-/perfil/5010,106330,senado,PDT,MT,pedrotaques@senador.leg.br,Senador,NA,Pedro Taques,José Pedro Gonçalves Taques,23,Masculino,SENADOR,MT,http://www.senado.leg.br/senadores/img/fotos-oficiais/senador5010.jpg
5012,Randolfe Rodrigues,Senador,http://www25.senado.leg.br/web/senadores/senador/-/perfil/5012,106330,senado,REDE,AP,randolfe.rodrigues@senador.leg.br,Senador,NA,Randolfe Rodrigues,Randolph Frederich Rodrigues Alves,24,Masculino,SENADOR,AP,http://www.senado.leg.br/senadores/img/fotos-oficiais/senador5012.jpg
73,Romero Jucá,Senador,http://www25.senado.leg.br/web/senadores/senador/-/perfil/73,106330,senado,MDB,RR,romero.juca@senador.leg.br,Senador,NA,Romero Jucá,Romero Jucá Filho,25,Masculino,SENADOR,RR,http://www.senado.leg.br/senadores/img/fotos-oficiais/senador73.jpg
4763,Vicentinho Alves,Senador,http://www25.senado.leg.br/web/senadores/senador/-/perfil/4763,106330,senado,PL,TO,vicentinho.alves@senador.leg.br,Senador,NA,Vicentinho Alves,Vicente Alves de Oliveira,26,Masculino,SENADOR,TO,http://www.senado.leg.br/senadores/img/fotos-oficiais/senador4763.jpg
1176,Waldemir Moka,Senador,http://www25.senado.leg.br/web/senadores/senador/-/perfil/1176,106330,senado,MDB,MS,waldemir.moka@senador.leg.br,Senador,NA,Waldemir Moka,Waldemir Moka Miranda de Britto,27,Masculino,SENADOR,MS,http://www.senado.leg.br/senadores/img/fotos-oficiais/senador1176.jpg
5144,Zeze Perrella,Senador,http://www25.senado.leg.br/web/senadores/senador/-/perfil/5144,106330,senado,MDB,MG,zeze.perrella@senador.leg.br,Senador,NA,Zeze Perrella,José Perrella de Oliveira Costa,28,Masculino,SENADOR,MG,http://www.senado.leg.br/senadores/img/fotos-oficiais/senador5144.jpg
612,Eunício Oliveira,Senador,http://www25.senado.leg.br/web/senadores/senador/-/perfil/612,111048,senado,MDB,CE,eunicio.oliveira@senador.leg.br,Senador,Não,Eunício Oliveira,Eunício Lopes de Oliveira,1,Masculino,SENADOR,CE,http://www.senado.leg.br/senadores/img/fotos-oficiais/senador612.jpg
NA,NA,Presidente do Senado Federal,NA,112987,senado,NA,NA,NA,NA,Não,Presidente do Senado Federal,NA,1,NA,PRESIDENTE_SF,NA,NA
NA,NA,Comissão do Senado Federal,NA,115926,senado,NA,NA,NA,NA,Não,CT - Modernização da Lei de Licitações e Contratos  (Lei nº 8.666/1993),NA,1,NA,COMISSAO_SENADO,NA,NA
4721,Eduardo Amorim,Senador,http://www25.senado.leg.br/web/senadores/senador/-/perfil/4721,120143,senado,PSDB,SE,eduardo.amorim@senador.leg.br,Senador,Sim,Eduardo Amorim,Eduardo Alves do Amorim,1,Masculino,SENADOR,SE,http://www.senado.leg.br/senadores/img/fotos-oficiais/senador4721.jpg
846,Aloysio Nunes Ferreira,Senador,http://www25.senado.leg.br/web/senadores/senador/-/perfil/846,120143,senado,PSDB,SP,aloysionunes.ferreira@senador.leg.br,Senador,NA,Aloysio Nunes Ferreira,Aloysio Nunes Ferreira Filho,2,Masculino,SENADOR,SP,http://www.senado.leg.br/senadores/img/fotos-oficiais/senador846.jpg
5529,Antonio Anastasia,Senador,http://www25.senado.leg.br/web/senadores/senador/-/perfil/5529,120143,senado,PSDB,MG,antonio.anastasia@senador.leg.br,Senador,NA,Antonio Anastasia,Antonio Augusto Junho Anastasia,3,Masculino,SENADOR,MG,http://www.senado.leg.br/senadores/img/fotos-oficiais/senador5529.jpg
3823,Benedito de Lira,Senador,http://www25.senado.leg.br/web/senadores/senador/-/perfil/3823,120143,senado,PP,AL,benedito.lira@senador.leg.br,Senador,NA,Benedito de Lira,Benedito de Lira,4,Masculino,SENADOR,AL,http://www.senado.leg.br/senadores/img/fotos-oficiais/senador3823.jpg
111,Blairo Maggi,Senador,http://www25.senado.leg.br/web/senadores/senador/-/perfil/111,120143,senado,PL,MT,blairomaggi@senador.leg.br,Senador,NA,Blairo Maggi,Blairo Borges Maggi,5,Masculino,SENADOR,MT,http://www.senado.leg.br/senadores/img/fotos-oficiais/senador111.jpg
3398,Cristovam Buarque,Senador,http://www25.senado.leg.br/web/senadores/senador/-/perfil/3398,120143,senado,CIDADANIA,DF,cristovam.buarque@senador.leg.br,Senador,NA,Cristovam Buarque,Cristovam Ricardo Cavalcanti Buarque,6,Masculino,SENADOR,DF,http://www.senado.leg.br/senadores/img/fotos-oficiais/senador3398.jpg
3360,Delcídio do Amaral,Senador,http://www25.senado.leg.br/web/senadores/senador/-/perfil/3360,120143,senado,S/Partido,MS,delcidio.amaral@senador.leg.br,Senador,NA,Delcídio do Amaral,Delcídio do Amaral Gomez,7,Masculino,SENADOR,MS,http://www.senado.leg.br/senadores/img/fotos-oficiais/senador3360.jpg
5531,Elmano Férrer,Senador,http://www25.senado.leg.br/web/senadores/senador/-/perfil/5531,120143,senado,PODEMOS,PI,elmano.ferrer@senador.leg.br,Senador,NA,Elmano Férrer,Elmano Férrer de Almeida,8,Masculino,SENADOR,PI,http://www.senado.leg.br/senadores/img/fotos-oficiais/senador5531.jpg
3713,Fátima Bezerra,Senador,http://www25.senado.leg.br/web/senadores/senador/-/perfil/3713,120143,senado,PT,RN,fatima.bezerra@senadora.leg.br,Senadora,NA,Fátima Bezerra,Maria de Fátima Bezerra,9,Feminino,SENADOR,RN,http://www.senado.leg.br/senadores/img/fotos-oficiais/senador3713.jpg
5540,Fernando Bezerra Coelho,Senador,http://www25.senado.leg.br/web/senadores/senador/-/perfil/5540,120143,senado,MDB,PE,fernandobezerracoelho@senador.leg.br,Senador,NA,Fernando Bezerra Coelho,Fernando Bezerra de Souza Coelho,10,Masculino,SENADOR,PE,http://www.senado.leg.br/senadores/img/fotos-oficiais/senador5540.jpg
2632,Fernando Ribeiro,Senador,http://www25.senado.leg.br/web/senadores/senador/-/perfil/2632,120143,senado,MDB,PA,fernando.ribeiro@senador.leg.br,Senador,NA,Fernando Ribeiro,Fernando de Castro Ribeiro,11,Masculino,SENADOR,PA,http://www.senado.leg.br/senadores/img/fotos-oficiais/senador2632.jpg
3634,Flexa Ribeiro,Senador,http://www25.senado.leg.br/web/senadores/senador/-/perfil/3634,120143,senado,PSDB,PA,flexa.ribeiro@senador.leg.br,Senador,NA,Flexa Ribeiro,Fernando de Souza Flexa Ribeiro,12,Masculino,SENADOR,PA,http://www.senado.leg.br/senadores/img/fotos-oficiais/senador3634.jpg
87,Garibaldi Alves Filho,Senador,http://www25.senado.leg.br/web/senadores/senador/-/perfil/87,120143,senado,MDB,RN,garibaldi.alves@senador.leg.br,Senador,NA,Garibaldi Alves Filho,Garibaldi Alves Filho,13,Masculino,SENADOR,RN,http://www.senado.leg.br/senadores/img/fotos-oficiais/senador87.jpg
5008,Humberto Costa,Senador,http://www25.senado.leg.br/web/senadores/senador/-/perfil/5008,120143,senado,PT,PE,humberto.costa@senador.leg.br,Senador,NA,Humberto Costa,Humberto Sérgio Costa Lima,14,Masculino,SENADOR,PE,http://www.senado.leg.br/senadores/img/fotos-oficiais/senador5008.jpg
950,João Alberto Souza,Senador,http://www25.senado.leg.br/web/senadores/senador/-/perfil/950,120143,senado,MDB,MA,joao.alberto.souza@senador.leg.br,Senador,NA,João Alberto Souza,João Alberto de Souza,15,Masculino,SENADOR,MA,http://www.senado.leg.br/senadores/img/fotos-oficiais/senador950.jpg
615,José Pimentel,Senador,http://www25.senado.leg.br/web/senadores/senador/-/perfil/615,120143,senado,PT,CE,jose.pimentel@senador.leg.br,Senador,NA,José Pimentel,José Barroso Pimentel,16,Masculino,SENADOR,CE,http://www.senado.leg.br/senadores/img/fotos-oficiais/senador615.jpg
643,Lúcia Vânia,Senador,http://www25.senado.leg.br/web/senadores/senador/-/perfil/643,120143,senado,PSB,GO,lucia.vania@senadora.leg.br,Senadora,NA,Lúcia Vânia,Lúcia Vânia Abrão,17,Feminino,SENADOR,GO,http://www.senado.leg.br/senadores/img/fotos-oficiais/senador643.jpg
631,Magno Malta,Senador,http://www25.senado.leg.br/web/senadores/senador/-/perfil/631,120143,senado,PL,ES,magno.malta@senador.leg.br,Senador,NA,Magno Malta,Magno Pereira Malta,18,Masculino,SENADOR,ES,http://www.senado.leg.br/senadores/img/fotos-oficiais/senador631.jpg
3366,Marcelo Crivella,Senador,http://www25.senado.leg.br/web/senadores/senador/-/perfil/3366,120143,senado,PRB,RJ,marcelo.crivella@senador.leg.br,Senador,NA,Marcelo Crivella,Marcelo Bezerra Crivella,19,Masculino,SENADOR,RJ,http://www.senado.leg.br/senadores/img/fotos-oficiais/senador3366.jpg
1023,Maria do Carmo Alves,Senador,http://www25.senado.leg.br/web/senadores/senador/-/perfil/1023,120143,senado,DEM,SE,maria.carmo.alves@senadora.leg.br,Senadora,NA,Maria do Carmo Alves,Maria do Carmo do Nascimento Alves,20,Feminino,SENADOR,SE,http://www.senado.leg.br/senadores/img/fotos-oficiais/senador1023.jpg
5525,Omar Aziz,Senador,http://www25.senado.leg.br/web/senadores/senador/-/perfil/5525,120143,senado,PSD,AM,omar.aziz@senador.leg.br,Senador,NA,Omar Aziz,Omar José Abdel Aziz,21,Masculino,SENADOR,AM,http://www.senado.leg.br/senadores/img/fotos-oficiais/senador5525.jpg
5523,Otto Alencar,Senador,http://www25.senado.leg.br/web/senadores/senador/-/perfil/5523,120143,senado,PSD,BA,otto.alencar@senador.leg.br,Senador,NA,Otto Alencar,Otto Roberto Mendonça de Alencar,22,Masculino,SENADOR,BA,http://www.senado.leg.br/senadores/img/fotos-oficiais/senador5523.jpg
825,Paulo Paim,Senador,http://www25.senado.leg.br/web/senadores/senador/-/perfil/825,120143,senado,PT,RS,paulopaim@senador.leg.br,Senador,NA,Paulo Paim,Paulo Renato Paim,23,Masculino,SENADOR,RS,http://www.senado.leg.br/senadores/img/fotos-oficiais/senador825.jpg
2207,Raimundo Lira,Senador,http://www25.senado.leg.br/web/senadores/senador/-/perfil/2207,120143,senado,PSD,PB,raimundo.lira@senador.leg.br,Senador,NA,Raimundo Lira,Raimundo Lira,24,Masculino,SENADOR,PB,http://www.senado.leg.br/senadores/img/fotos-oficiais/senador2207.jpg
5182,Regina Sousa,Senador,http://www25.senado.leg.br/web/senadores/senador/-/perfil/5182,120143,senado,PT,PI,reginasousa@senadora.leg.br,Senadora,NA,Regina Sousa,Maria Regina Sousa,25,Feminino,SENADOR,PI,http://www.senado.leg.br/senadores/img/fotos-oficiais/senador5182.jpg
5322,Romário,Senador,http://www25.senado.leg.br/web/senadores/senador/-/perfil/5322,120143,senado,PODEMOS,RJ,romario@senador.leg.br,Senador,NA,Romário,Romario de Souza Faria,26,Masculino,SENADOR,RJ,http://www.senado.leg.br/senadores/img/fotos-oficiais/senador5322.jpg
4560,Sérgio Petecão,Senador,http://www25.senado.leg.br/web/senadores/senador/-/perfil/4560,120143,senado,PSD,AC,sergio.petecao@senador.leg.br,Senador,NA,Sérgio Petecão,Sérgio de Oliveira Cunha,27,Masculino,SENADOR,AC,http://www.senado.leg.br/senadores/img/fotos-oficiais/senador4560.jpg
3396,Tasso Jereissati,Senador,http://www25.senado.leg.br/web/senadores/senador/-/perfil/3396,120143,senado,PSDB,CE,tasso.jereissati@senador.leg.br,Senador,NA,Tasso Jereissati,Tasso Ribeiro Jereissati,28,Masculino,SENADOR,CE,http://www.senado.leg.br/senadores/img/fotos-oficiais/senador3396.jpg
5535,Telmário Mota,Senador,http://www25.senado.leg.br/web/senadores/senador/-/perfil/5535,120143,senado,PROS,RR,telmariomota@senador.leg.br,Senador,NA,Telmário Mota,Telmário Mota de Oliveira,29,Masculino,SENADOR,RR,http://www.senado.leg.br/senadores/img/fotos-oficiais/senador5535.jpg
1176,Waldemir Moka,Senador,http://www25.senado.leg.br/web/senadores/senador/-/perfil/1176,120143,senado,MDB,MS,waldemir.moka@senador.leg.br,Senador,NA,Waldemir Moka,Waldemir Moka Miranda de Britto,30,Masculino,SENADOR,MS,http://www.senado.leg.br/senadores/img/fotos-oficiais/senador1176.jpg
604,Walter Pinheiro,Senador,http://www25.senado.leg.br/web/senadores/senador/-/perfil/604,120143,senado,S/Partido,BA,pinheiro@senador.leg.br,Senador,NA,Walter Pinheiro,Walter de Freitas Pinheiro,31,Masculino,SENADOR,BA,http://www.senado.leg.br/senadores/img/fotos-oficiais/senador604.jpg
631,Magno Malta,Senador,http://www25.senado.leg.br/web/senadores/senador/-/perfil/631,120152,senado,PL,ES,magno.malta@senador.leg.br,Senador,Sim,Magno Malta,Magno Pereira Malta,1,Masculino,SENADOR,ES,http://www.senado.leg.br/senadores/img/fotos-oficiais/senador631.jpg
4981,Acir Gurgacz,Senador,http://www25.senado.leg.br/web/senadores/senador/-/perfil/4981,120152,senado,PDT,RO,acir@senador.leg.br,Senador,NA,Acir Gurgacz,Acir Marcos Gurgacz,2,Masculino,SENADOR,RO,http://www.senado.leg.br/senadores/img/fotos-oficiais/senador4981.jpg
391,Aécio Neves,Senador,http://www25.senado.leg.br/web/senadores/senador/-/perfil/391,120152,senado,PSDB,MG,aecio.neves@senador.leg.br,Senador,NA,Aécio Neves,Aécio Neves da Cunha,3,Masculino,SENADOR,MG,http://www.senado.leg.br/senadores/img/fotos-oficiais/senador391.jpg
846,Aloysio Nunes Ferreira,Senador,http://www25.senado.leg.br/web/senadores/senador/-/perfil/846,120152,senado,PSDB,SP,aloysionunes.ferreira@senador.leg.br,Senador,NA,Aloysio Nunes Ferreira,Aloysio Nunes Ferreira Filho,4,Masculino,SENADOR,SP,http://www.senado.leg.br/senadores/img/fotos-oficiais/senador846.jpg
945,Alvaro Dias,Senador,http://www25.senado.leg.br/web/senadores/senador/-/perfil/945,120152,senado,PODEMOS,PR,alvarodias@senador.leg.br,Senador,NA,Alvaro Dias,Alvaro Fernandes Dias,5,Masculino,SENADOR,PR,http://www.senado.leg.br/senadores/img/fotos-oficiais/senador945.jpg
5529,Antonio Anastasia,Senador,http://www25.senado.leg.br/web/senadores/senador/-/perfil/5529,120152,senado,PSDB,MG,antonio.anastasia@senador.leg.br,Senador,NA,Antonio Anastasia,Antonio Augusto Junho Anastasia,6,Masculino,SENADOR,MG,http://www.senado.leg.br/senadores/img/fotos-oficiais/senador5529.jpg
3,Antonio Carlos Valadares,Senador,http://www25.senado.leg.br/web/senadores/senador/-/perfil/3,120152,senado,PSB,SE,antoniocarlosvaladares@senador.leg.br,Senador,NA,Antonio Carlos Valadares,Antonio Carlos Valadares,7,Masculino,SENADOR,SE,http://www.senado.leg.br/senadores/img/fotos-oficiais/senador3.jpg
5164,Ataídes Oliveira,Senador,http://www25.senado.leg.br/web/senadores/senador/-/perfil/5164,120152,senado,PSDB,TO,ataides.oliveira@senador.leg.br,Senador,NA,Ataídes Oliveira,Ataídes de Oliveira,8,Masculino,SENADOR,TO,http://www.senado.leg.br/senadores/img/fotos-oficiais/senador5164.jpg
111,Blairo Maggi,Senador,http://www25.senado.leg.br/web/senadores/senador/-/perfil/111,120152,senado,PL,MT,blairomaggi@senador.leg.br,Senador,NA,Blairo Maggi,Blairo Borges Maggi,9,Masculino,SENADOR,MT,http://www.senado.leg.br/senadores/img/fotos-oficiais/senador111.jpg
5197,Cássio Cunha Lima,Senador,http://www25.senado.leg.br/web/senadores/senador/-/perfil/5197,120152,senado,PSDB,PB,cassio.cunha.lima@senador.leg.br,Senador,NA,Cássio Cunha Lima,Cássio Rodrigues da Cunha Lima,10,Masculino,SENADOR,PB,http://www.senado.leg.br/senadores/img/fotos-oficiais/senador5197.jpg
3360,Delcídio do Amaral,Senador,http://www25.senado.leg.br/web/senadores/senador/-/perfil/3360,120152,senado,S/Partido,MS,delcidio.amaral@senador.leg.br,Senador,NA,Delcídio do Amaral,Delcídio do Amaral Gomez,11,Masculino,SENADOR,MS,http://www.senado.leg.br/senadores/img/fotos-oficiais/senador3360.jpg
5531,Elmano Férrer,Senador,http://www25.senado.leg.br/web/senadores/senador/-/perfil/5531,120152,senado,PODEMOS,PI,elmano.ferrer@senador.leg.br,Senador,NA,Elmano Férrer,Elmano Férrer de Almeida,12,Masculino,SENADOR,PI,http://www.senado.leg.br/senadores/img/fotos-oficiais/senador5531.jpg
612,Eunício Oliveira,Senador,http://www25.senado.leg.br/web/senadores/senador/-/perfil/612,120152,senado,MDB,CE,eunicio.oliveira@senador.leg.br,Senador,NA,Eunício Oliveira,Eunício Lopes de Oliveira,13,Masculino,SENADOR,CE,http://www.senado.leg.br/senadores/img/fotos-oficiais/senador612.jpg
2632,Fernando Ribeiro,Senador,http://www25.senado.leg.br/web/senadores/senador/-/perfil/2632,120152,senado,MDB,PA,fernando.ribeiro@senador.leg.br,Senador,NA,Fernando Ribeiro,Fernando de Castro Ribeiro,14,Masculino,SENADOR,PA,http://www.senado.leg.br/senadores/img/fotos-oficiais/senador2632.jpg
3634,Flexa Ribeiro,Senador,http://www25.senado.leg.br/web/senadores/senador/-/perfil/3634,120152,senado,PSDB,PA,flexa.ribeiro@senador.leg.br,Senador,NA,Flexa Ribeiro,Fernando de Souza Flexa Ribeiro,15,Masculino,SENADOR,PA,http://www.senado.leg.br/senadores/img/fotos-oficiais/senador3634.jpg
87,Garibaldi Alves Filho,Senador,http://www25.senado.leg.br/web/senadores/senador/-/perfil/87,120152,senado,MDB,RN,garibaldi.alves@senador.leg.br,Senador,NA,Garibaldi Alves Filho,Garibaldi Alves Filho,16,Masculino,SENADOR,RN,http://www.senado.leg.br/senadores/img/fotos-oficiais/senador87.jpg
4558,Gladson Cameli,Senador,http://www25.senado.leg.br/web/senadores/senador/-/perfil/4558,120152,senado,PP,AC,gladson.cameli@senador.leg.br,Senador,NA,Gladson Cameli,Gladson de Lima Cameli,17,Masculino,SENADOR,AC,http://www.senado.leg.br/senadores/img/fotos-oficiais/senador4558.jpg
40,José Agripino,Senador,http://www25.senado.leg.br/web/senadores/senador/-/perfil/40,120152,senado,DEM,RN,jose.agripino@senador.leg.br,Senador,NA,José Agripino,José Agripino Maia,18,Masculino,SENADOR,RN,http://www.senado.leg.br/senadores/img/fotos-oficiais/senador40.jpg
5533,Lasier Martins,Senador,http://www25.senado.leg.br/web/senadores/senador/-/perfil/5533,120152,senado,PODEMOS,RS,lasier.martins@senador.leg.br,Senador,NA,Lasier Martins,Lasier Costa Martins,19,Masculino,SENADOR,RS,http://www.senado.leg.br/senadores/img/fotos-oficiais/senador5533.jpg
5002,Luiz Henrique,Senador,http://www25.senado.leg.br/web/senadores/senador/-/perfil/5002,120152,senado,MDB,SC,luizhenrique@senador.leg.br,Senador,NA,Luiz Henrique,Luiz Henrique da Silveira,20,Masculino,SENADOR,SC,http://www.senado.leg.br/senadores/img/fotos-oficiais/senador5002.jpg
825,Paulo Paim,Senador,http://www25.senado.leg.br/web/senadores/senador/-/perfil/825,120152,senado,PT,RS,paulopaim@senador.leg.br,Senador,NA,Paulo Paim,Paulo Renato Paim,21,Masculino,SENADOR,RS,http://www.senado.leg.br/senadores/img/fotos-oficiais/senador825.jpg
374,Paulo Rocha,Senador,http://www25.senado.leg.br/web/senadores/senador/-/perfil/374,120152,senado,PT,PA,paulo.rocha@senador.leg.br,Senador,NA,Paulo Rocha,Paulo Roberto Galvão da Rocha,22,Masculino,SENADOR,PA,http://www.senado.leg.br/senadores/img/fotos-oficiais/senador374.jpg
2207,Raimundo Lira,Senador,http://www25.senado.leg.br/web/senadores/senador/-/perfil/2207,120152,senado,PSD,PB,raimundo.lira@senador.leg.br,Senador,NA,Raimundo Lira,Raimundo Lira,23,Masculino,SENADOR,PB,http://www.senado.leg.br/senadores/img/fotos-oficiais/senador2207.jpg
5236,Reguffe,Senador,http://www25.senado.leg.br/web/senadores/senador/-/perfil/5236,120152,senado,S/Partido,DF,reguffe@senador.leg.br,Senador,NA,Reguffe,José Antônio Machado Reguffe,24,Masculino,SENADOR,DF,http://www.senado.leg.br/senadores/img/fotos-oficiais/senador5236.jpg
635,Ricardo Ferraço,Senador,http://www25.senado.leg.br/web/senadores/senador/-/perfil/635,120152,senado,PSDB,ES,ricardoferraco@senador.leg.br,Senador,NA,Ricardo Ferraço,Ricardo de Rezende Ferraço,25,Masculino,SENADOR,ES,http://www.senado.leg.br/senadores/img/fotos-oficiais/senador635.jpg
72,Roberto Requião,Senador,http://www25.senado.leg.br/web/senadores/senador/-/perfil/72,120152,senado,MDB,PR,roberto.requiao@senador.leg.br,Senador,NA,Roberto Requião,Roberto Requião de Mello e Silva,26,Masculino,SENADOR,PR,http://www.senado.leg.br/senadores/img/fotos-oficiais/senador72.jpg
5322,Romário,Senador,http://www25.senado.leg.br/web/senadores/senador/-/perfil/5322,120152,senado,PODEMOS,RJ,romario@senador.leg.br,Senador,NA,Romário,Romario de Souza Faria,27,Masculino,SENADOR,RJ,http://www.senado.leg.br/senadores/img/fotos-oficiais/senador5322.jpg
2331,Rose de Freitas,Senador,http://www25.senado.leg.br/web/senadores/senador/-/perfil/2331,120152,senado,PODEMOS,ES,rose.freitas@senadora.leg.br,Senadora,NA,Rose de Freitas,Rosilda de Freitas,28,Feminino,SENADOR,ES,http://www.senado.leg.br/senadores/img/fotos-oficiais/senador2331.jpg
604,Walter Pinheiro,Senador,http://www25.senado.leg.br/web/senadores/senador/-/perfil/604,120152,senado,S/Partido,BA,pinheiro@senador.leg.br,Senador,NA,Walter Pinheiro,Walter de Freitas Pinheiro,29,Masculino,SENADOR,BA,http://www.senado.leg.br/senadores/img/fotos-oficiais/senador604.jpg
3372,Valdir Raupp,Senador,http://www25.senado.leg.br/web/senadores/senador/-/perfil/3372,120768,senado,MDB,RO,valdir.raupp@senador.leg.br,Senador,Não,Valdir Raupp,Valdir Raupp de Matos,1,Masculino,SENADOR,RO,http://www.senado.leg.br/senadores/img/fotos-oficiais/senador3372.jpg
90,José Serra,Senador,http://www25.senado.leg.br/web/senadores/senador/-/perfil/90,121572,senado,PSDB,SP,jose.serra@senador.leg.br,Senador,Não,José Serra,José Serra,1,Masculino,SENADOR,SP,http://www.senado.leg.br/senadores/img/fotos-oficiais/senador90.jpg
3360,Delcídio do Amaral,Senador,http://www25.senado.leg.br/web/senadores/senador/-/perfil/3360,122726,senado,S/Partido,MS,delcidio.amaral@senador.leg.br,Senador,Não,Delcídio do Amaral,Delcídio do Amaral Gomez,1,Masculino,SENADOR,MS,http://www.senado.leg.br/senadores/img/fotos-oficiais/senador3360.jpg
5535,Telmário Mota,Senador,http://www25.senado.leg.br/web/senadores/senador/-/perfil/5535,125987,senado,PROS,RR,telmariomota@senador.leg.br,Senador,Não,Telmário Mota,Telmário Mota de Oliveira,1,Masculino,SENADOR,RR,http://www.senado.leg.br/senadores/img/fotos-oficiais/senador5535.jpg
3713,Fátima Bezerra,Senador,http://www25.senado.leg.br/web/senadores/senador/-/perfil/3713,125987,senado,PT,RN,fatima.bezerra@senadora.leg.br,Senadora,NA,Fátima Bezerra,Maria de Fátima Bezerra,2,Feminino,SENADOR,RN,http://www.senado.leg.br/senadores/img/fotos-oficiais/senador3713.jpg
5012,Randolfe Rodrigues,Senador,http://www25.senado.leg.br/web/senadores/senador/-/perfil/5012,125987,senado,REDE,AP,randolfe.rodrigues@senador.leg.br,Senador,NA,Randolfe Rodrigues,Randolph Frederich Rodrigues Alves,3,Masculino,SENADOR,AP,http://www.senado.leg.br/senadores/img/fotos-oficiais/senador5012.jpg
4990,Jorge Viana,Senador,http://www25.senado.leg.br/web/senadores/senador/-/perfil/4990,125988,senado,PT,AC,jorge.viana@senador.leg.br,Senador,Não,Jorge Viana,Jorge Ney Viana Macedo Neves,1,Masculino,SENADOR,AC,http://www.senado.leg.br/senadores/img/fotos-oficiais/senador4990.jpg
5197,Cássio Cunha Lima,Senador,http://www25.senado.leg.br/web/senadores/senador/-/perfil/5197,126049,senado,PSDB,PB,cassio.cunha.lima@senador.leg.br,Senador,Não,Cássio Cunha Lima,Cássio Rodrigues da Cunha Lima,1,Masculino,SENADOR,PB,http://www.senado.leg.br/senadores/img/fotos-oficiais/senador5197.jpg
5533,Lasier Martins,Senador,http://www25.senado.leg.br/web/senadores/senador/-/perfil/5533,126364,senado,PODEMOS,RS,lasier.martins@senador.leg.br,Senador,Não,Lasier Martins,Lasier Costa Martins,1,Masculino,SENADOR,RS,http://www.senado.leg.br/senadores/img/fotos-oficiais/senador5533.jpg
NA,NA,Presidente do Senado Federal,NA,127452,senado,NA,NA,NA,NA,Não,Presidente do Senado Federal,NA,1,NA,PRESIDENTE_SF,NA,NA
NA,NA,Comissão do Senado Federal,NA,127753,senado,NA,NA,NA,NA,Não,Comissão Especial do Extrateto,NA,1,NA,COMISSAO_SENADO,NA,NA
NA,NA,Comissão do Senado Federal,NA,127754,senado,NA,NA,NA,NA,Não,Comissão Especial do Extrateto,NA,1,NA,COMISSAO_SENADO,NA,NA
NA,NA,Comissão do Senado Federal,NA,127756,senado,NA,NA,NA,NA,Não,Comissão Especial do Extrateto,NA,1,NA,COMISSAO_SENADO,NA,NA
NA,NA,Câmara dos Deputados,NA,128634,senado,NA,NA,NA,NA,Não,Câmara dos Deputados,NA,1,NA,CAMARA,NA,NA
4575,Lídice da Mata,Senador,http://www25.senado.leg.br/web/senadores/senador/-/perfil/4575,129778,senado,PSB,BA,lidice.mata@senadora.leg.br,Senadora,Não,Lídice da Mata,Lídice da Mata e Souza,1,Feminino,SENADOR,BA,http://www.senado.leg.br/senadores/img/fotos-oficiais/senador4575.jpg
4981,Acir Gurgacz,Senador,http://www25.senado.leg.br/web/senadores/senador/-/perfil/4981,129778,senado,PDT,RO,acir@senador.leg.br,Senador,NA,Acir Gurgacz,Acir Marcos Gurgacz,2,Masculino,SENADOR,RO,http://www.senado.leg.br/senadores/img/fotos-oficiais/senador4981.jpg
945,Alvaro Dias,Senador,http://www25.senado.leg.br/web/senadores/senador/-/perfil/945,129778,senado,PODEMOS,PR,alvarodias@senador.leg.br,Senador,NA,Alvaro Dias,Alvaro Fernandes Dias,3,Masculino,SENADOR,PR,http://www.senado.leg.br/senadores/img/fotos-oficiais/senador945.jpg
3,Antonio Carlos Valadares,Senador,http://www25.senado.leg.br/web/senadores/senador/-/perfil/3,129778,senado,PSB,SE,antoniocarlosvaladares@senador.leg.br,Senador,NA,Antonio Carlos Valadares,Antonio Carlos Valadares,4,Masculino,SENADOR,SE,http://www.senado.leg.br/senadores/img/fotos-oficiais/senador3.jpg
5164,Ataídes Oliveira,Senador,http://www25.senado.leg.br/web/senadores/senador/-/perfil/5164,129778,senado,PSDB,TO,ataides.oliveira@senador.leg.br,Senador,NA,Ataídes Oliveira,Ataídes de Oliveira,5,Masculino,SENADOR,TO,http://www.senado.leg.br/senadores/img/fotos-oficiais/senador5164.jpg
3823,Benedito de Lira,Senador,http://www25.senado.leg.br/web/senadores/senador/-/perfil/3823,129778,senado,PP,AL,benedito.lira@senador.leg.br,Senador,NA,Benedito de Lira,Benedito de Lira,6,Masculino,SENADOR,AL,http://www.senado.leg.br/senadores/img/fotos-oficiais/senador3823.jpg
3398,Cristovam Buarque,Senador,http://www25.senado.leg.br/web/senadores/senador/-/perfil/3398,129778,senado,CIDADANIA,DF,cristovam.buarque@senador.leg.br,Senador,NA,Cristovam Buarque,Cristovam Ricardo Cavalcanti Buarque,7,Masculino,SENADOR,DF,http://www.senado.leg.br/senadores/img/fotos-oficiais/senador3398.jpg
5531,Elmano Férrer,Senador,http://www25.senado.leg.br/web/senadores/senador/-/perfil/5531,129778,senado,PODEMOS,PI,elmano.ferrer@senador.leg.br,Senador,NA,Elmano Férrer,Elmano Férrer de Almeida,8,Masculino,SENADOR,PI,http://www.senado.leg.br/senadores/img/fotos-oficiais/senador5531.jpg
87,Garibaldi Alves Filho,Senador,http://www25.senado.leg.br/web/senadores/senador/-/perfil/87,129778,senado,MDB,RN,garibaldi.alves@senador.leg.br,Senador,NA,Garibaldi Alves Filho,Garibaldi Alves Filho,9,Masculino,SENADOR,RN,http://www.senado.leg.br/senadores/img/fotos-oficiais/senador87.jpg
3394,João Capiberibe,Senador,http://www25.senado.leg.br/web/senadores/senador/-/perfil/3394,129778,senado,PSB,AP,joao.capiberibe@senador.leg.br,Senador,NA,João Capiberibe,João Alberto Rodrigues Capiberibe,10,Masculino,SENADOR,AP,http://www.senado.leg.br/senadores/img/fotos-oficiais/senador3394.jpg
4990,Jorge Viana,Senador,http://www25.senado.leg.br/web/senadores/senador/-/perfil/4990,129778,senado,PT,AC,jorge.viana@senador.leg.br,Senador,NA,Jorge Viana,Jorge Ney Viana Macedo Neves,11,Masculino,SENADOR,AC,http://www.senado.leg.br/senadores/img/fotos-oficiais/senador4990.jpg
3361,José Maranhão,Senador,http://www25.senado.leg.br/web/senadores/senador/-/perfil/3361,129778,senado,MDB,PB,jose.maranhao@senador.leg.br,Senador,NA,José Maranhão,José Targino Maranhão,12,Masculino,SENADOR,PB,http://www.senado.leg.br/senadores/img/fotos-oficiais/senador3361.jpg
615,José Pimentel,Senador,http://www25.senado.leg.br/web/senadores/senador/-/perfil/615,129778,senado,PT,CE,jose.pimentel@senador.leg.br,Senador,NA,José Pimentel,José Barroso Pimentel,13,Masculino,SENADOR,CE,http://www.senado.leg.br/senadores/img/fotos-oficiais/senador615.jpg
5533,Lasier Martins,Senador,http://www25.senado.leg.br/web/senadores/senador/-/perfil/5533,129778,senado,PODEMOS,RS,lasier.martins@senador.leg.br,Senador,NA,Lasier Martins,Lasier Costa Martins,14,Masculino,SENADOR,RS,http://www.senado.leg.br/senadores/img/fotos-oficiais/senador5533.jpg
3695,Lindbergh Farias,Senador,http://www25.senado.leg.br/web/senadores/senador/-/perfil/3695,129778,senado,PT,RJ,lindbergh.farias@senador.leg.br,Senador,NA,Lindbergh Farias,Luiz Lindbergh Farias Filho,15,Masculino,SENADOR,RJ,http://www.senado.leg.br/senadores/img/fotos-oficiais/senador3695.jpg
643,Lúcia Vânia,Senador,http://www25.senado.leg.br/web/senadores/senador/-/perfil/643,129778,senado,PSB,GO,lucia.vania@senadora.leg.br,Senadora,NA,Lúcia Vânia,Lúcia Vânia Abrão,16,Feminino,SENADOR,GO,http://www.senado.leg.br/senadores/img/fotos-oficiais/senador643.jpg
1023,Maria do Carmo Alves,Senador,http://www25.senado.leg.br/web/senadores/senador/-/perfil/1023,129778,senado,DEM,SE,maria.carmo.alves@senadora.leg.br,Senadora,NA,Maria do Carmo Alves,Maria do Carmo do Nascimento Alves,17,Feminino,SENADOR,SE,http://www.senado.leg.br/senadores/img/fotos-oficiais/senador1023.jpg
3741,Paulo Bauer,Senador,http://www25.senado.leg.br/web/senadores/senador/-/perfil/3741,129778,senado,PSDB,SC,paulo.bauer@senador.leg.br,Senador,NA,Paulo Bauer,Paulo Roberto Bauer,18,Masculino,SENADOR,SC,http://www.senado.leg.br/senadores/img/fotos-oficiais/senador3741.jpg
825,Paulo Paim,Senador,http://www25.senado.leg.br/web/senadores/senador/-/perfil/825,129778,senado,PT,RS,paulopaim@senador.leg.br,Senador,NA,Paulo Paim,Paulo Renato Paim,19,Masculino,SENADOR,RS,http://www.senado.leg.br/senadores/img/fotos-oficiais/senador825.jpg
374,Paulo Rocha,Senador,http://www25.senado.leg.br/web/senadores/senador/-/perfil/374,129778,senado,PT,PA,paulo.rocha@senador.leg.br,Senador,NA,Paulo Rocha,Paulo Roberto Galvão da Rocha,20,Masculino,SENADOR,PA,http://www.senado.leg.br/senadores/img/fotos-oficiais/senador374.jpg
5012,Randolfe Rodrigues,Senador,http://www25.senado.leg.br/web/senadores/senador/-/perfil/5012,129778,senado,REDE,AP,randolfe.rodrigues@senador.leg.br,Senador,NA,Randolfe Rodrigues,Randolph Frederich Rodrigues Alves,21,Masculino,SENADOR,AP,http://www.senado.leg.br/senadores/img/fotos-oficiais/senador5012.jpg
5182,Regina Sousa,Senador,http://www25.senado.leg.br/web/senadores/senador/-/perfil/5182,129778,senado,PT,PI,reginasousa@senadora.leg.br,Senadora,NA,Regina Sousa,Maria Regina Sousa,22,Feminino,SENADOR,PI,http://www.senado.leg.br/senadores/img/fotos-oficiais/senador5182.jpg
5052,Roberto Muniz,Senador,http://www25.senado.leg.br/web/senadores/senador/-/perfil/5052,129778,senado,PP,BA,roberto.muniz@senador.leg.br,Senador,NA,Roberto Muniz,Roberto de Oliveira Muniz,23,Masculino,SENADOR,BA,http://www.senado.leg.br/senadores/img/fotos-oficiais/senador5052.jpg
72,Roberto Requião,Senador,http://www25.senado.leg.br/web/senadores/senador/-/perfil/72,129778,senado,MDB,PR,roberto.requiao@senador.leg.br,Senador,NA,Roberto Requião,Roberto Requião de Mello e Silva,24,Masculino,SENADOR,PR,http://www.senado.leg.br/senadores/img/fotos-oficiais/senador72.jpg
5322,Romário,Senador,http://www25.senado.leg.br/web/senadores/senador/-/perfil/5322,129778,senado,PODEMOS,RJ,romario@senador.leg.br,Senador,NA,Romário,Romario de Souza Faria,25,Masculino,SENADOR,RJ,http://www.senado.leg.br/senadores/img/fotos-oficiais/senador5322.jpg
5535,Telmário Mota,Senador,http://www25.senado.leg.br/web/senadores/senador/-/perfil/5535,129778,senado,PROS,RR,telmariomota@senador.leg.br,Senador,NA,Telmário Mota,Telmário Mota de Oliveira,26,Masculino,SENADOR,RR,http://www.senado.leg.br/senadores/img/fotos-oficiais/senador5535.jpg
4763,Vicentinho Alves,Senador,http://www25.senado.leg.br/web/senadores/senador/-/perfil/4763,129778,senado,PL,TO,vicentinho.alves@senador.leg.br,Senador,NA,Vicentinho Alves,Vicente Alves de Oliveira,27,Masculino,SENADOR,TO,http://www.senado.leg.br/senadores/img/fotos-oficiais/senador4763.jpg
5000,Marta Suplicy,Senador,http://www25.senado.leg.br/web/senadores/senador/-/perfil/5000,130202,senado,MDB,SP,marta.suplicy@senadora.leg.br,Senadora,Sim,Marta Suplicy,Marta Teresa Suplicy,1,Feminino,SENADOR,SP,http://www.senado.leg.br/senadores/img/fotos-oficiais/senador5000.jpg
825,Paulo Paim,Senador,http://www25.senado.leg.br/web/senadores/senador/-/perfil/825,130202,senado,PT,RS,paulopaim@senador.leg.br,Senador,NA,Paulo Paim,Paulo Renato Paim,2,Masculino,SENADOR,RS,http://www.senado.leg.br/senadores/img/fotos-oficiais/senador825.jpg
5529,Antonio Anastasia,Senador,http://www25.senado.leg.br/web/senadores/senador/-/perfil/5529,131429,senado,PSDB,MG,antonio.anastasia@senador.leg.br,Senador,Não,Antonio Anastasia,Antonio Augusto Junho Anastasia,1,Masculino,SENADOR,MG,http://www.senado.leg.br/senadores/img/fotos-oficiais/senador5529.jpg
3396,Tasso Jereissati,Senador,http://www25.senado.leg.br/web/senadores/senador/-/perfil/3396,131906,senado,PSDB,CE,tasso.jereissati@senador.leg.br,Senador,Não,Tasso Jereissati,Tasso Ribeiro Jereissati,1,Masculino,SENADOR,CE,http://www.senado.leg.br/senadores/img/fotos-oficiais/senador3396.jpg
5116,Pedro Chaves,Senador,http://www25.senado.leg.br/web/senadores/senador/-/perfil/5116,132403,senado,PRB,MS,pedrochaves@senador.leg.br,Senador,Não,Pedro Chaves,Pedro Chaves dos Santos Filho,1,Masculino,SENADOR,MS,http://www.senado.leg.br/senadores/img/fotos-oficiais/senador5116.jpg
5012,Randolfe Rodrigues,Senador,http://www25.senado.leg.br/web/senadores/senador/-/perfil/5012,132671,senado,REDE,AP,randolfe.rodrigues@senador.leg.br,Senador,Não,Randolfe Rodrigues,Randolph Frederich Rodrigues Alves,1,Masculino,SENADOR,AP,http://www.senado.leg.br/senadores/img/fotos-oficiais/senador5012.jpg
4990,Jorge Viana,Senador,http://www25.senado.leg.br/web/senadores/senador/-/perfil/4990,132671,senado,PT,AC,jorge.viana@senador.leg.br,Senador,NA,Jorge Viana,Jorge Ney Viana Macedo Neves,2,Masculino,SENADOR,AC,http://www.senado.leg.br/senadores/img/fotos-oficiais/senador4990.jpg
3394,João Capiberibe,Senador,http://www25.senado.leg.br/web/senadores/senador/-/perfil/3394,132672,senado,PSB,AP,joao.capiberibe@senador.leg.br,Senador,Não,João Capiberibe,João Alberto Rodrigues Capiberibe,1,Masculino,SENADOR,AP,http://www.senado.leg.br/senadores/img/fotos-oficiais/senador3394.jpg
4990,Jorge Viana,Senador,http://www25.senado.leg.br/web/senadores/senador/-/perfil/4990,132672,senado,PT,AC,jorge.viana@senador.leg.br,Senador,NA,Jorge Viana,Jorge Ney Viana Macedo Neves,2,Masculino,SENADOR,AC,http://www.senado.leg.br/senadores/img/fotos-oficiais/senador4990.jpg
4981,Acir Gurgacz,Senador,http://www25.senado.leg.br/web/senadores/senador/-/perfil/4981,132865,senado,PDT,RO,acir@senador.leg.br,Senador,Não,Acir Gurgacz,Acir Marcos Gurgacz,1,Masculino,SENADOR,RO,http://www.senado.leg.br/senadores/img/fotos-oficiais/senador4981.jpg
5164,Ataídes Oliveira,Senador,http://www25.senado.leg.br/web/senadores/senador/-/perfil/5164,133075,senado,PSDB,TO,ataides.oliveira@senador.leg.br,Senador,Não,Ataídes Oliveira,Ataídes de Oliveira,1,Masculino,SENADOR,TO,http://www.senado.leg.br/senadores/img/fotos-oficiais/senador5164.jpg
NA,NA,Câmara dos Deputados,NA,133943,senado,NA,NA,NA,NA,Não,Câmara dos Deputados,NA,1,NA,CAMARA,NA,NA
73,Romero Jucá,Senador,http://www25.senado.leg.br/web/senadores/senador/-/perfil/73,134453,senado,MDB,RR,romero.juca@senador.leg.br,Senador,Não,Romero Jucá,Romero Jucá Filho,1,Masculino,SENADOR,RR,http://www.senado.leg.br/senadores/img/fotos-oficiais/senador73.jpg
4767,Eduardo Lopes,Senador,http://www25.senado.leg.br/web/senadores/senador/-/perfil/4767,134453,senado,PRB,RJ,eduardo.lopes@senador.leg.br,Senador,NA,Eduardo Lopes,Eduardo Benedito Lopes,2,Masculino,SENADOR,RJ,http://www.senado.leg.br/senadores/img/fotos-oficiais/senador4767.jpg
3741,Paulo Bauer,Senador,http://www25.senado.leg.br/web/senadores/senador/-/perfil/3741,134453,senado,PSDB,SC,paulo.bauer@senador.leg.br,Senador,NA,Paulo Bauer,Paulo Roberto Bauer,3,Masculino,SENADOR,SC,http://www.senado.leg.br/senadores/img/fotos-oficiais/senador3741.jpg
456,Ronaldo Caiado,Senador,http://www25.senado.leg.br/web/senadores/senador/-/perfil/456,134453,senado,DEM,GO,ronaldo.caiado@senador.leg.br,Senador,NA,Ronaldo Caiado,Ronaldo Ramos Caiado,4,Masculino,SENADOR,GO,http://www.senado.leg.br/senadores/img/fotos-oficiais/senador456.jpg
4763,Vicentinho Alves,Senador,http://www25.senado.leg.br/web/senadores/senador/-/perfil/4763,134453,senado,PL,TO,vicentinho.alves@senador.leg.br,Senador,NA,Vicentinho Alves,Vicente Alves de Oliveira,5,Masculino,SENADOR,TO,http://www.senado.leg.br/senadores/img/fotos-oficiais/senador4763.jpg
5527,Simone Tebet,Senador,http://www25.senado.leg.br/web/senadores/senador/-/perfil/5527,134453,senado,MDB,MS,simone.tebet@senadora.leg.br,Senadora,NA,Simone Tebet,Simone Nassar Tebet,6,Feminino,SENADOR,MS,http://www.senado.leg.br/senadores/img/fotos-oficiais/senador5527.jpg
739,Ciro Nogueira,Senador,http://www25.senado.leg.br/web/senadores/senador/-/perfil/739,134453,senado,PP,PI,ciro.nogueira@senador.leg.br,Senador,NA,Ciro Nogueira,Ciro Nogueira Lima Filho,7,Masculino,SENADOR,PI,http://www.senado.leg.br/senadores/img/fotos-oficiais/senador739.jpg
715,Armando Monteiro,Senador,http://www25.senado.leg.br/web/senadores/senador/-/perfil/715,134453,senado,PTB,PE,armando.monteiro@senador.leg.br,Senador,NA,Armando Monteiro,Armando de Queiroz Monteiro Neto,8,Masculino,SENADOR,PE,http://www.senado.leg.br/senadores/img/fotos-oficiais/senador715.jpg
3695,Lindbergh Farias,Senador,http://www25.senado.leg.br/web/senadores/senador/-/perfil/3695,134457,senado,PT,RJ,lindbergh.farias@senador.leg.br,Senador,Não,Lindbergh Farias,Luiz Lindbergh Farias Filho,1,Masculino,SENADOR,RJ,http://www.senado.leg.br/senadores/img/fotos-oficiais/senador3695.jpg
NA,NA,Presidente da República,NA,135060,senado,NA,NA,NA,NA,Não,Presidência da República,NA,1,NA,PRESIDENTE_REPUBLICA,NA,NA
NA,NA,Presidente da República,NA,135061,senado,NA,NA,NA,NA,Não,Presidência da República,NA,1,NA,PRESIDENTE_REPUBLICA,NA,NA
NA,NA,Presidente da República,NA,135062,senado,NA,NA,NA,NA,Não,Presidência da República,NA,1,NA,PRESIDENTE_REPUBLICA,NA,NA
NA,NA,Presidente da República,NA,135064,senado,NA,NA,NA,NA,Não,Presidência da República,NA,1,NA,PRESIDENTE_REPUBLICA,NA,NA
5967,Angelo Coronel,Senador,http://www25.senado.leg.br/web/senadores/senador/-/perfil/5967,135505,senado,PSD,BA,sen.angelocoronel@senado.leg.br,Senador,Não,Angelo Coronel,Angelo Mario Coronel de Azevedo Martins,1,Masculino,SENADOR,BA,http://www.senado.leg.br/senadores/img/fotos-oficiais/senador5967.jpg
285,Marcio Bittar,Senador,http://www25.senado.leg.br/web/senadores/senador/-/perfil/285,135799,senado,MDB,AC,sen.marciobittar@senado.leg.br,Senador,Não,Marcio Bittar,Márcio Miguel Bittar,1,Masculino,SENADOR,AC,http://www.senado.leg.br/senadores/img/fotos-oficiais/senador285.jpg
5718,Eliziane Gama,Senador,http://www25.senado.leg.br/web/senadores/senador/-/perfil/5718,136033,senado,CIDADANIA,MA,sen.elizianegama@senado.leg.br,Senadora,Não,Eliziane Gama,Eliziane Pereira Gama Melo,1,Feminino,SENADOR,MA,http://www.senado.leg.br/senadores/img/fotos-oficiais/senador5718.jpg
5905,Rodrigo Cunha,Senador,http://www25.senado.leg.br/web/senadores/senador/-/perfil/5905,136033,senado,PSDB,AL,sen.rodrigocunha@senado.leg.br,Senador,NA,Rodrigo Cunha,Rodrigo Santos Cunha,2,Masculino,SENADOR,AL,http://www.senado.leg.br/senadores/img/fotos-oficiais/senador5905.jpg
945,Alvaro Dias,Senador,http://www25.senado.leg.br/web/senadores/senador/-/perfil/945,136033,senado,PODEMOS,PR,alvarodias@senador.leg.br,Senador,NA,Alvaro Dias,Alvaro Fernandes Dias,3,Masculino,SENADOR,PR,http://www.senado.leg.br/senadores/img/fotos-oficiais/senador945.jpg
5666,Major Olimpio,Senador,http://www25.senado.leg.br/web/senadores/senador/-/perfil/5666,136033,senado,PSL,SP,sen.majorolimpio@senado.leg.br,Senador,NA,Major Olimpio,Sergio Olimpio Gomes,4,Masculino,SENADOR,SP,http://www.senado.leg.br/senadores/img/fotos-oficiais/senador5666.jpg
5976,Eduardo Girão,Senador,http://www25.senado.leg.br/web/senadores/senador/-/perfil/5976,136033,senado,PODEMOS,CE,sen.eduardogirao@senado.leg.br,Senador,NA,Eduardo Girão,Luis Eduardo Grangeiro Girão,5,Masculino,SENADOR,CE,http://www.senado.leg.br/senadores/img/fotos-oficiais/senador5976.jpg
5531,Elmano Férrer,Senador,http://www25.senado.leg.br/web/senadores/senador/-/perfil/5531,136033,senado,PODEMOS,PI,elmano.ferrer@senador.leg.br,Senador,NA,Elmano Férrer,Elmano Férrer de Almeida,6,Masculino,SENADOR,PI,http://www.senado.leg.br/senadores/img/fotos-oficiais/senador5531.jpg
5982,Alessandro Vieira,Senador,http://www25.senado.leg.br/web/senadores/senador/-/perfil/5982,136033,senado,CIDADANIA,SE,sen.alessandrovieira@senado.leg.br,Senador,NA,Alessandro Vieira,Alessandro Vieira,7,Masculino,SENADOR,SE,http://www.senado.leg.br/senadores/img/fotos-oficiais/senador5982.jpg
5988,Soraya Thronicke,Senador,http://www25.senado.leg.br/web/senadores/senador/-/perfil/5988,136033,senado,PSL,MS,sen.sorayathronicke@senado.leg.br,Senadora,NA,Soraya Thronicke,Soraya Vieira Thronicke,8,Feminino,SENADOR,MS,http://www.senado.leg.br/senadores/img/fotos-oficiais/senador5988.jpg
5959,Styvenson Valentim,Senador,http://www25.senado.leg.br/web/senadores/senador/-/perfil/5959,136033,senado,PODEMOS,RN,sen.styvensonvalentim@senado.leg.br,Senador,NA,Styvenson Valentim,Eann Styvenson Valentim Mendes,9,Masculino,SENADOR,RN,http://www.senado.leg.br/senadores/img/fotos-oficiais/senador5959.jpg
5895,Jorge Kajuru,Senador,http://www25.senado.leg.br/web/senadores/senador/-/perfil/5895,136033,senado,PSB,GO,sen.jorgekajuru@senado.leg.br,Senador,NA,Jorge Kajuru,Jorge Kajuru Reis da Costa Nasser,10,Masculino,SENADOR,GO,http://www.senado.leg.br/senadores/img/fotos-oficiais/senador5895.jpg
5012,Randolfe Rodrigues,Senador,http://www25.senado.leg.br/web/senadores/senador/-/perfil/5012,136033,senado,REDE,AP,randolfe.rodrigues@senador.leg.br,Senador,NA,Randolfe Rodrigues,Randolph Frederich Rodrigues Alves,11,Masculino,SENADOR,AP,http://www.senado.leg.br/senadores/img/fotos-oficiais/senador5012.jpg
5953,Fabiano Contarato,Senador,http://www25.senado.leg.br/web/senadores/senador/-/perfil/5953,136033,senado,REDE,ES,sen.fabianocontarato@senado.leg.br,Senador,NA,Fabiano Contarato,Fabiano Contarato,12,Masculino,SENADOR,ES,http://www.senado.leg.br/senadores/img/fotos-oficiais/senador5953.jpg
5533,Lasier Martins,Senador,http://www25.senado.leg.br/web/senadores/senador/-/perfil/5533,136033,senado,PODEMOS,RS,lasier.martins@senador.leg.br,Senador,NA,Lasier Martins,Lasier Costa Martins,13,Masculino,SENADOR,RS,http://www.senado.leg.br/senadores/img/fotos-oficiais/senador5533.jpg
NA,NA,Câmara dos Deputados,NA,136173,senado,NA,NA,NA,NA,Não,Câmara dos Deputados,NA,1,NA,CAMARA,NA,NA
5895,Jorge Kajuru,Líder,http://www25.senado.leg.br/web/senadores/senador/-/perfil/5895,137457,senado,PSB,GO,sen.jorgekajuru@senado.leg.br,NA,Não,Jorge Kajuru,Jorge Kajuru Reis da Costa Nasser,1,Masculino,LIDER,NA,http://www.senado.leg.br/senadores/img/fotos-oficiais/senador5895.jpg
1206,Raimundo Colombo,Senador,http://www25.senado.leg.br/web/senadores/senador/-/perfil/1206,96123,senado,DEM,SC,raimundocolombo@senador.leg.br,Senador,Não,Raimundo Colombo,João Raimundo Colombo,1,Masculino,SENADOR,SC,http://www.senado.leg.br/senadores/img/fotos-oficiais/senador1206.jpg
73,Romero Jucá,Senador,http://www25.senado.leg.br/web/senadores/senador/-/perfil/73,96979,senado,MDB,RR,romero.juca@senador.leg.br,Senador,Não,Romero Jucá,Romero Jucá Filho,1,Masculino,SENADOR,RR,http://www.senado.leg.br/senadores/img/fotos-oficiais/senador73.jpg
3823,Benedito de Lira,Senador,http://www25.senado.leg.br/web/senadores/senador/-/perfil/3823,109936,senado,PP,AL,benedito.lira@senador.leg.br,Senador,Não,Benedito de Lira,Benedito de Lira,1,Masculino,SENADOR,AL,http://www.senado.leg.br/senadores/img/fotos-oficiais/senador3823.jpg
615,José Pimentel,Senador,http://www25.senado.leg.br/web/senadores/senador/-/perfil/615,111753,senado,PT,CE,jose.pimentel@senador.leg.br,Senador,Não,José Pimentel,José Barroso Pimentel,1,Masculino,SENADOR,CE,http://www.senado.leg.br/senadores/img/fotos-oficiais/senador615.jpg
4893,Ruben Figueiró,Senador,http://www25.senado.leg.br/web/senadores/senador/-/perfil/4893,112563,senado,PSDB,MS,ruben.figueiro@senador.gov.br,Senador,Não,Ruben Figueiró,Ruben Figueiró de Oliveira,1,Masculino,SENADOR,MS,http://www.senado.leg.br/senadores/img/fotos-oficiais/senador4893.jpg
765,Francisco Dornelles,Senador,http://www25.senado.leg.br/web/senadores/senador/-/perfil/765,112568,senado,PP,RJ,francisco.dornelles@senador.leg.br,Senador,Não,Francisco Dornelles,Francisco Oswaldo Neves Dornelles,1,Masculino,SENADOR,RJ,http://www.senado.leg.br/senadores/img/fotos-oficiais/senador765.jpg
846,Aloysio Nunes Ferreira,Senador,http://www25.senado.leg.br/web/senadores/senador/-/perfil/846,112573,senado,PSDB,SP,aloysionunes.ferreira@senador.leg.br,Senador,Não,Aloysio Nunes Ferreira,Aloysio Nunes Ferreira Filho,1,Masculino,SENADOR,SP,http://www.senado.leg.br/senadores/img/fotos-oficiais/senador846.jpg
5012,Randolfe Rodrigues,Senador,http://www25.senado.leg.br/web/senadores/senador/-/perfil/5012,112951,senado,REDE,AP,randolfe.rodrigues@senador.leg.br,Senador,Não,Randolfe Rodrigues,Randolph Frederich Rodrigues Alves,1,Masculino,SENADOR,AP,http://www.senado.leg.br/senadores/img/fotos-oficiais/senador5012.jpg
4869,Ana Rita,Senador,http://www25.senado.leg.br/web/senadores/senador/-/perfil/4869,112951,senado,PT,ES,ana.rita@senadora.leg.br,Senadora,NA,Ana Rita,Ana Rita Esgario,2,Feminino,SENADOR,ES,http://www.senado.leg.br/senadores/img/fotos-oficiais/senador4869.jpg
4837,Anibal Diniz,Senador,http://www25.senado.leg.br/web/senadores/senador/-/perfil/4837,112951,senado,PT,AC,anibal.diniz@senador.leg.br,Senador,NA,Anibal Diniz,Anibal Diniz,3,Masculino,SENADOR,AC,http://www.senado.leg.br/senadores/img/fotos-oficiais/senador4837.jpg
3398,Cristovam Buarque,Senador,http://www25.senado.leg.br/web/senadores/senador/-/perfil/3398,112951,senado,CIDADANIA,DF,cristovam.buarque@senador.leg.br,Senador,NA,Cristovam Buarque,Cristovam Ricardo Cavalcanti Buarque,4,Masculino,SENADOR,DF,http://www.senado.leg.br/senadores/img/fotos-oficiais/senador3398.jpg
4767,Eduardo Lopes,Senador,http://www25.senado.leg.br/web/senadores/senador/-/perfil/4767,112951,senado,PRB,RJ,eduardo.lopes@senador.leg.br,Senador,NA,Eduardo Lopes,Eduardo Benedito Lopes,5,Masculino,SENADOR,RJ,http://www.senado.leg.br/senadores/img/fotos-oficiais/senador4767.jpg
17,Eduardo Suplicy,Senador,http://www25.senado.leg.br/web/senadores/senador/-/perfil/17,112951,senado,PT,SP,eduardo.suplicy@senador.leg.br,Senador,NA,Eduardo Suplicy,Eduardo Matarazzo Suplicy,6,Masculino,SENADOR,SP,http://www.senado.leg.br/senadores/img/fotos-oficiais/senador17.jpg
5008,Humberto Costa,Senador,http://www25.senado.leg.br/web/senadores/senador/-/perfil/5008,112951,senado,PT,PE,humberto.costa@senador.leg.br,Senador,NA,Humberto Costa,Humberto Sérgio Costa Lima,7,Masculino,SENADOR,PE,http://www.senado.leg.br/senadores/img/fotos-oficiais/senador5008.jpg
3394,João Capiberibe,Senador,http://www25.senado.leg.br/web/senadores/senador/-/perfil/3394,112951,senado,PSB,AP,joao.capiberibe@senador.leg.br,Senador,NA,João Capiberibe,João Alberto Rodrigues Capiberibe,8,Masculino,SENADOR,AP,http://www.senado.leg.br/senadores/img/fotos-oficiais/senador3394.jpg
615,José Pimentel,Senador,http://www25.senado.leg.br/web/senadores/senador/-/perfil/615,112951,senado,PT,CE,jose.pimentel@senador.leg.br,Senador,NA,José Pimentel,José Barroso Pimentel,9,Masculino,SENADOR,CE,http://www.senado.leg.br/senadores/img/fotos-oficiais/senador615.jpg
3695,Lindbergh Farias,Senador,http://www25.senado.leg.br/web/senadores/senador/-/perfil/3695,112951,senado,PT,RJ,lindbergh.farias@senador.leg.br,Senador,NA,Lindbergh Farias,Luiz Lindbergh Farias Filho,10,Masculino,SENADOR,RJ,http://www.senado.leg.br/senadores/img/fotos-oficiais/senador3695.jpg
5020,Paulo Davim,Senador,http://www25.senado.leg.br/web/senadores/senador/-/perfil/5020,112951,senado,PV,RN,paulodavim@senador.leg.br,Senador,NA,Paulo Davim,Paulo Roberto Davim,11,Masculino,SENADOR,RN,http://www.senado.leg.br/senadores/img/fotos-oficiais/senador5020.jpg
825,Paulo Paim,Senador,http://www25.senado.leg.br/web/senadores/senador/-/perfil/825,112951,senado,PT,RS,paulopaim@senador.leg.br,Senador,NA,Paulo Paim,Paulo Renato Paim,12,Masculino,SENADOR,RS,http://www.senado.leg.br/senadores/img/fotos-oficiais/senador825.jpg
4593,Rodrigo Rollemberg,Senador,http://www25.senado.leg.br/web/senadores/senador/-/perfil/4593,112951,senado,PSB,DF,rollemberg@senador.leg.br,Senador,NA,Rodrigo Rollemberg,Rodrigo Sobral Rollemberg,13,Masculino,SENADOR,DF,http://www.senado.leg.br/senadores/img/fotos-oficiais/senador4593.jpg
3398,Cristovam Buarque,Senador,http://www25.senado.leg.br/web/senadores/senador/-/perfil/3398,113308,senado,CIDADANIA,DF,cristovam.buarque@senador.leg.br,Senador,Não,Cristovam Buarque,Cristovam Ricardo Cavalcanti Buarque,1,Masculino,SENADOR,DF,http://www.senado.leg.br/senadores/img/fotos-oficiais/senador3398.jpg
3398,Cristovam Buarque,Senador,http://www25.senado.leg.br/web/senadores/senador/-/perfil/3398,113312,senado,CIDADANIA,DF,cristovam.buarque@senador.leg.br,Senador,Não,Cristovam Buarque,Cristovam Ricardo Cavalcanti Buarque,1,Masculino,SENADOR,DF,http://www.senado.leg.br/senadores/img/fotos-oficiais/senador3398.jpg
5012,Randolfe Rodrigues,Senador,http://www25.senado.leg.br/web/senadores/senador/-/perfil/5012,113330,senado,REDE,AP,randolfe.rodrigues@senador.leg.br,Senador,Não,Randolfe Rodrigues,Randolph Frederich Rodrigues Alves,1,Masculino,SENADOR,AP,http://www.senado.leg.br/senadores/img/fotos-oficiais/senador5012.jpg
635,Ricardo Ferraço,Senador,http://www25.senado.leg.br/web/senadores/senador/-/perfil/635,113346,senado,PSDB,ES,ricardoferraco@senador.leg.br,Senador,Não,Ricardo Ferraço,Ricardo de Rezende Ferraço,1,Masculino,SENADOR,ES,http://www.senado.leg.br/senadores/img/fotos-oficiais/senador635.jpg
765,Francisco Dornelles,Senador,http://www25.senado.leg.br/web/senadores/senador/-/perfil/765,114920,senado,PP,RJ,francisco.dornelles@senador.leg.br,Senador,Não,Francisco Dornelles,Francisco Oswaldo Neves Dornelles,1,Masculino,SENADOR,RJ,http://www.senado.leg.br/senadores/img/fotos-oficiais/senador765.jpg
4988,Ana Amélia,Senador,http://www25.senado.leg.br/web/senadores/senador/-/perfil/4988,116166,senado,PP,RS,ana.amelia@senadora.leg.br,Senadora,Não,Ana Amélia,Ana Amélia de Lemos,1,Feminino,SENADOR,RS,http://www.senado.leg.br/senadores/img/fotos-oficiais/senador4988.jpg
3398,Cristovam Buarque,Senador,http://www25.senado.leg.br/web/senadores/senador/-/perfil/3398,116195,senado,CIDADANIA,DF,cristovam.buarque@senador.leg.br,Senador,Não,Cristovam Buarque,Cristovam Ricardo Cavalcanti Buarque,1,Masculino,SENADOR,DF,http://www.senado.leg.br/senadores/img/fotos-oficiais/senador3398.jpg
17,Eduardo Suplicy,Senador,http://www25.senado.leg.br/web/senadores/senador/-/perfil/17,116709,senado,PT,SP,eduardo.suplicy@senador.leg.br,Senador,Não,Eduardo Suplicy,Eduardo Matarazzo Suplicy,1,Masculino,SENADOR,SP,http://www.senado.leg.br/senadores/img/fotos-oficiais/senador17.jpg
17,Eduardo Suplicy,Senador,http://www25.senado.leg.br/web/senadores/senador/-/perfil/17,117735,senado,PT,SP,eduardo.suplicy@senador.leg.br,Senador,Não,Eduardo Suplicy,Eduardo Matarazzo Suplicy,1,Masculino,SENADOR,SP,http://www.senado.leg.br/senadores/img/fotos-oficiais/senador17.jpg
1249,Kátia Abreu,Senador,http://www25.senado.leg.br/web/senadores/senador/-/perfil/1249,117737,senado,PDT,TO,katia.abreu@senadora.leg.br,Senadora,Não,Kátia Abreu,Kátia Regina de Abreu,1,Feminino,SENADOR,TO,http://www.senado.leg.br/senadores/img/fotos-oficiais/senador1249.jpg
3366,Marcelo Crivella,Senador,http://www25.senado.leg.br/web/senadores/senador/-/perfil/3366,119106,senado,PRB,RJ,marcelo.crivella@senador.leg.br,Senador,Não,Marcelo Crivella,Marcelo Bezerra Crivella,1,Masculino,SENADOR,RJ,http://www.senado.leg.br/senadores/img/fotos-oficiais/senador3366.jpg
3396,Tasso Jereissati,Senador,http://www25.senado.leg.br/web/senadores/senador/-/perfil/3396,120384,senado,PSDB,CE,tasso.jereissati@senador.leg.br,Senador,Não,Tasso Jereissati,Tasso Ribeiro Jereissati,1,Masculino,SENADOR,CE,http://www.senado.leg.br/senadores/img/fotos-oficiais/senador3396.jpg
NA,NA,Autoridade.,NA,121805,senado,NA,NA,NA,NA,Não,Líderes Partidários,NA,1,NA,NAO_CAT_AUTORIDADE,NA,NA
615,José Pimentel,Senador,http://www25.senado.leg.br/web/senadores/senador/-/perfil/615,121811,senado,PT,CE,jose.pimentel@senador.leg.br,Senador,Não,José Pimentel,José Barroso Pimentel,1,Masculino,SENADOR,CE,http://www.senado.leg.br/senadores/img/fotos-oficiais/senador615.jpg
5197,Cássio Cunha Lima,Senador,http://www25.senado.leg.br/web/senadores/senador/-/perfil/5197,122189,senado,PSDB,PB,cassio.cunha.lima@senador.leg.br,Senador,Sim,Cássio Cunha Lima,Cássio Rodrigues da Cunha Lima,1,Masculino,SENADOR,PB,http://www.senado.leg.br/senadores/img/fotos-oficiais/senador5197.jpg
846,Aloysio Nunes Ferreira,Senador,http://www25.senado.leg.br/web/senadores/senador/-/perfil/846,122189,senado,PSDB,SP,aloysionunes.ferreira@senador.leg.br,Senador,NA,Aloysio Nunes Ferreira,Aloysio Nunes Ferreira Filho,2,Masculino,SENADOR,SP,http://www.senado.leg.br/senadores/img/fotos-oficiais/senador846.jpg
5012,Randolfe Rodrigues,Senador,http://www25.senado.leg.br/web/senadores/senador/-/perfil/5012,122374,senado,REDE,AP,randolfe.rodrigues@senador.leg.br,Senador,Sim,Randolfe Rodrigues,Randolph Frederich Rodrigues Alves,1,Masculino,SENADOR,AP,http://www.senado.leg.br/senadores/img/fotos-oficiais/senador5012.jpg
4525,Fernando Collor,Senador,http://www25.senado.leg.br/web/senadores/senador/-/perfil/4525,122374,senado,PROS,AL,fernando.collor@senador.leg.br,Senador,NA,Fernando Collor,Fernando Affonso Collor de Mello,2,Masculino,SENADOR,AL,http://www.senado.leg.br/senadores/img/fotos-oficiais/senador4525.jpg
35,Jader Barbalho,Senador,http://www25.senado.leg.br/web/senadores/senador/-/perfil/35,122374,senado,MDB,PA,jader.barbalho@senador.leg.br,Senador,NA,Jader Barbalho,Jader Fontenelle Barbalho,3,Masculino,SENADOR,PA,http://www.senado.leg.br/senadores/img/fotos-oficiais/senador35.jpg
4575,Lídice da Mata,Senador,http://www25.senado.leg.br/web/senadores/senador/-/perfil/4575,122374,senado,PSB,BA,lidice.mata@senadora.leg.br,Senadora,NA,Lídice da Mata,Lídice da Mata e Souza,4,Feminino,SENADOR,BA,http://www.senado.leg.br/senadores/img/fotos-oficiais/senador4575.jpg
5000,Marta Suplicy,Senador,http://www25.senado.leg.br/web/senadores/senador/-/perfil/5000,122374,senado,MDB,SP,marta.suplicy@senadora.leg.br,Senadora,NA,Marta Suplicy,Marta Teresa Suplicy,5,Feminino,SENADOR,SP,http://www.senado.leg.br/senadores/img/fotos-oficiais/senador5000.jpg
5038,Sandra Braga,Senador,http://www25.senado.leg.br/web/senadores/senador/-/perfil/5038,122374,senado,MDB,AM,sandrabraga@senadora.leg.br,Senadora,NA,Sandra Braga,Sandra Backsmann Braga,6,Feminino,SENADOR,AM,http://www.senado.leg.br/senadores/img/fotos-oficiais/senador5038.jpg
5527,Simone Tebet,Senador,http://www25.senado.leg.br/web/senadores/senador/-/perfil/5527,122380,senado,MDB,MS,simone.tebet@senadora.leg.br,Senadora,Não,Simone Tebet,Simone Nassar Tebet,1,Feminino,SENADOR,MS,http://www.senado.leg.br/senadores/img/fotos-oficiais/senador5527.jpg
5527,Simone Tebet,Senador,http://www25.senado.leg.br/web/senadores/senador/-/perfil/5527,122384,senado,MDB,MS,simone.tebet@senadora.leg.br,Senadora,Não,Simone Tebet,Simone Nassar Tebet,1,Feminino,SENADOR,MS,http://www.senado.leg.br/senadores/img/fotos-oficiais/senador5527.jpg
615,José Pimentel,Senador,http://www25.senado.leg.br/web/senadores/senador/-/perfil/615,122386,senado,PT,CE,jose.pimentel@senador.leg.br,Senador,Não,José Pimentel,José Barroso Pimentel,1,Masculino,SENADOR,CE,http://www.senado.leg.br/senadores/img/fotos-oficiais/senador615.jpg
90,José Serra,Senador,http://www25.senado.leg.br/web/senadores/senador/-/perfil/90,122387,senado,PSDB,SP,jose.serra@senador.leg.br,Senador,Não,José Serra,José Serra,1,Masculino,SENADOR,SP,http://www.senado.leg.br/senadores/img/fotos-oficiais/senador90.jpg
846,Aloysio Nunes Ferreira,Senador,http://www25.senado.leg.br/web/senadores/senador/-/perfil/846,122390,senado,PSDB,SP,aloysionunes.ferreira@senador.leg.br,Senador,Não,Aloysio Nunes Ferreira,Aloysio Nunes Ferreira Filho,1,Masculino,SENADOR,SP,http://www.senado.leg.br/senadores/img/fotos-oficiais/senador846.jpg
4575,Lídice da Mata,Senador,http://www25.senado.leg.br/web/senadores/senador/-/perfil/4575,122394,senado,PSB,BA,lidice.mata@senadora.leg.br,Senadora,Não,Lídice da Mata,Lídice da Mata e Souza,1,Feminino,SENADOR,BA,http://www.senado.leg.br/senadores/img/fotos-oficiais/senador4575.jpg
4575,Lídice da Mata,Senador,http://www25.senado.leg.br/web/senadores/senador/-/perfil/4575,122395,senado,PSB,BA,lidice.mata@senadora.leg.br,Senadora,Sim,Lídice da Mata,Lídice da Mata e Souza,1,Feminino,SENADOR,BA,http://www.senado.leg.br/senadores/img/fotos-oficiais/senador4575.jpg
635,Ricardo Ferraço,Senador,http://www25.senado.leg.br/web/senadores/senador/-/perfil/635,123361,senado,PSDB,ES,ricardoferraco@senador.leg.br,Senador,Não,Ricardo Ferraço,Ricardo de Rezende Ferraço,1,Masculino,SENADOR,ES,http://www.senado.leg.br/senadores/img/fotos-oficiais/senador635.jpg
612,Eunício Oliveira,Senador,http://www25.senado.leg.br/web/senadores/senador/-/perfil/612,127762,senado,MDB,CE,eunicio.oliveira@senador.leg.br,Senador,Não,Eunício Oliveira,Eunício Lopes de Oliveira,1,Masculino,SENADOR,CE,http://www.senado.leg.br/senadores/img/fotos-oficiais/senador612.jpg
5529,Antonio Anastasia,Senador,http://www25.senado.leg.br/web/senadores/senador/-/perfil/5529,127796,senado,PSDB,MG,antonio.anastasia@senador.leg.br,Senador,Não,Antonio Anastasia,Antonio Augusto Junho Anastasia,1,Masculino,SENADOR,MG,http://www.senado.leg.br/senadores/img/fotos-oficiais/senador5529.jpg
3713,Fátima Bezerra,Senador,http://www25.senado.leg.br/web/senadores/senador/-/perfil/3713,134038,senado,PT,RN,fatima.bezerra@senadora.leg.br,Senadora,Não,Fátima Bezerra,Maria de Fátima Bezerra,1,Feminino,SENADOR,RN,http://www.senado.leg.br/senadores/img/fotos-oficiais/senador3713.jpg
5108,Cidinho Santos,Senador,http://www25.senado.leg.br/web/senadores/senador/-/perfil/5108,134579,senado,PL,NA,cidinho.santos@senador.leg.br,Senador,Não,Cidinho Santos,José Aparecido dos Santos,1,Masculino,SENADOR,MT,http://www.senado.leg.br/senadores/img/fotos-oficiais/senador5108.jpg
374,Paulo Rocha,Senador,http://www25.senado.leg.br/web/senadores/senador/-/perfil/374,134953,senado,PT,PA,paulo.rocha@senador.leg.br,Senador,Não,Paulo Rocha,Paulo Roberto Galvão da Rocha,1,Masculino,SENADOR,PA,http://www.senado.leg.br/senadores/img/fotos-oficiais/senador374.jpg
5976,Eduardo Girão,Senador,http://www25.senado.leg.br/web/senadores/senador/-/perfil/5976,135124,senado,PODEMOS,CE,sen.eduardogirao@senado.leg.br,Senador,Não,Eduardo Girão,Luis Eduardo Grangeiro Girão,1,Masculino,SENADOR,CE,http://www.senado.leg.br/senadores/img/fotos-oficiais/senador5976.jpg
5982,Alessandro Vieira,Senador,http://www25.senado.leg.br/web/senadores/senador/-/perfil/5982,135124,senado,CIDADANIA,SE,sen.alessandrovieira@senado.leg.br,Senador,NA,Alessandro Vieira,Alessandro Vieira,2,Masculino,SENADOR,SE,http://www.senado.leg.br/senadores/img/fotos-oficiais/senador5982.jpg
945,Alvaro Dias,Senador,http://www25.senado.leg.br/web/senadores/senador/-/perfil/945,135124,senado,PODEMOS,PR,alvarodias@senador.leg.br,Senador,NA,Alvaro Dias,Alvaro Fernandes Dias,3,Masculino,SENADOR,PR,http://www.senado.leg.br/senadores/img/fotos-oficiais/senador945.jpg
5967,Angelo Coronel,Senador,http://www25.senado.leg.br/web/senadores/senador/-/perfil/5967,135124,senado,PSD,BA,sen.angelocoronel@senado.leg.br,Senador,NA,Angelo Coronel,Angelo Mario Coronel de Azevedo Martins,4,Masculino,SENADOR,BA,http://www.senado.leg.br/senadores/img/fotos-oficiais/senador5967.jpg
751,Arolde de Oliveira,Senador,http://www25.senado.leg.br/web/senadores/senador/-/perfil/751,135124,senado,PSD,RJ,sen.aroldedeoliveira@senado.leg.br,Senador,NA,Arolde de Oliveira,Arolde de Oliveira,5,Masculino,SENADOR,RJ,http://www.senado.leg.br/senadores/img/fotos-oficiais/senador751.jpg
5531,Elmano Férrer,Senador,http://www25.senado.leg.br/web/senadores/senador/-/perfil/5531,135124,senado,PODEMOS,PI,elmano.ferrer@senador.leg.br,Senador,NA,Elmano Férrer,Elmano Férrer de Almeida,6,Masculino,SENADOR,PI,http://www.senado.leg.br/senadores/img/fotos-oficiais/senador5531.jpg
4531,Jayme Campos,Senador,http://www25.senado.leg.br/web/senadores/senador/-/perfil/4531,135124,senado,DEM,MT,Sen.JaymeCampos@senado.leg.br,Senador,NA,Jayme Campos,Jayme Veríssimo de Campos,7,Masculino,SENADOR,MT,http://www.senado.leg.br/senadores/img/fotos-oficiais/senador4531.jpg
5895,Jorge Kajuru,Senador,http://www25.senado.leg.br/web/senadores/senador/-/perfil/5895,135124,senado,PSB,GO,sen.jorgekajuru@senado.leg.br,Senador,NA,Jorge Kajuru,Jorge Kajuru Reis da Costa Nasser,8,Masculino,SENADOR,GO,http://www.senado.leg.br/senadores/img/fotos-oficiais/senador5895.jpg
5533,Lasier Martins,Senador,http://www25.senado.leg.br/web/senadores/senador/-/perfil/5533,135124,senado,PODEMOS,RS,lasier.martins@senador.leg.br,Senador,NA,Lasier Martins,Lasier Costa Martins,9,Masculino,SENADOR,RS,http://www.senado.leg.br/senadores/img/fotos-oficiais/senador5533.jpg
5926,Lucas Barreto,Senador,http://www25.senado.leg.br/web/senadores/senador/-/perfil/5926,135124,senado,PSD,AP,sen.lucasbarreto@senado.leg.br,Senador,NA,Lucas Barreto,Luiz Cantuária Barreto,10,Masculino,SENADOR,AP,http://www.senado.leg.br/senadores/img/fotos-oficiais/senador5926.jpg
1186,Luis Carlos Heinze,Senador,http://www25.senado.leg.br/web/senadores/senador/-/perfil/1186,135124,senado,PP,RS,sen.luiscarlosheinze@senado.leg.br,Senador,NA,Luis Carlos Heinze,Luis Carlos Heinze,11,Masculino,SENADOR,RS,http://www.senado.leg.br/senadores/img/fotos-oficiais/senador1186.jpg
5585,Luiz do Carmo,Senador,http://www25.senado.leg.br/web/senadores/senador/-/perfil/5585,135124,senado,MDB,GO,sen.luizcarlosdocarmo@senado.leg.br,Senador,NA,Luiz do Carmo,Luiz Carlos do Carmo,12,Masculino,SENADOR,GO,http://www.senado.leg.br/senadores/img/fotos-oficiais/senador5585.jpg
5422,Marcos Rogério,Senador,http://www25.senado.leg.br/web/senadores/senador/-/perfil/5422,135124,senado,DEM,RO,sen.marcosrogerio@senado.leg.br,Senador,NA,Marcos Rogério,Marcos Rogério da Silva Brito,13,Masculino,SENADOR,RO,http://www.senado.leg.br/senadores/img/fotos-oficiais/senador5422.jpg
5942,Marcos do Val,Senador,http://www25.senado.leg.br/web/senadores/senador/-/perfil/5942,135124,senado,CIDADANIA,ES,sen.marcosdoval@senado.leg.br,Senador,NA,Marcos do Val,Marcos Ribeiro do Val,14,Masculino,SENADOR,ES,http://www.senado.leg.br/senadores/img/fotos-oficiais/senador5942.jpg
5523,Otto Alencar,Senador,http://www25.senado.leg.br/web/senadores/senador/-/perfil/5523,135124,senado,PSD,BA,otto.alencar@senador.leg.br,Senador,NA,Otto Alencar,Otto Roberto Mendonça de Alencar,15,Masculino,SENADOR,BA,http://www.senado.leg.br/senadores/img/fotos-oficiais/senador5523.jpg
5012,Randolfe Rodrigues,Senador,http://www25.senado.leg.br/web/senadores/senador/-/perfil/5012,135124,senado,REDE,AP,randolfe.rodrigues@senador.leg.br,Senador,NA,Randolfe Rodrigues,Randolph Frederich Rodrigues Alves,16,Masculino,SENADOR,AP,http://www.senado.leg.br/senadores/img/fotos-oficiais/senador5012.jpg
5236,Reguffe,Senador,http://www25.senado.leg.br/web/senadores/senador/-/perfil/5236,135124,senado,S/Partido,DF,reguffe@senador.leg.br,Senador,NA,Reguffe,José Antônio Machado Reguffe,17,Masculino,SENADOR,DF,http://www.senado.leg.br/senadores/img/fotos-oficiais/senador5236.jpg
677,Roberto Rocha,Senador,http://www25.senado.leg.br/web/senadores/senador/-/perfil/677,135124,senado,PSDB,MA,robertorocha@senador.leg.br,Senador,NA,Roberto Rocha,Roberto Coelho Rocha,18,Masculino,SENADOR,MA,http://www.senado.leg.br/senadores/img/fotos-oficiais/senador677.jpg
5905,Rodrigo Cunha,Senador,http://www25.senado.leg.br/web/senadores/senador/-/perfil/5905,135124,senado,PSDB,AL,sen.rodrigocunha@senado.leg.br,Senador,NA,Rodrigo Cunha,Rodrigo Santos Cunha,19,Masculino,SENADOR,AL,http://www.senado.leg.br/senadores/img/fotos-oficiais/senador5905.jpg
5322,Romário,Senador,http://www25.senado.leg.br/web/senadores/senador/-/perfil/5322,135124,senado,PODEMOS,RJ,romario@senador.leg.br,Senador,NA,Romário,Romario de Souza Faria,20,Masculino,SENADOR,RJ,http://www.senado.leg.br/senadores/img/fotos-oficiais/senador5322.jpg
5929,Juíza Selma,Senador,http://www25.senado.leg.br/web/senadores/senador/-/perfil/5929,135124,senado,PSL,MT,sen.selmaarruda@senado.leg.br,Senadora,NA,Juíza Selma,Selma Rosane Santos Arruda,21,Feminino,SENADOR,MT,http://www.senado.leg.br/senadores/img/fotos-oficiais/senador5929.jpg
4560,Sérgio Petecão,Senador,http://www25.senado.leg.br/web/senadores/senador/-/perfil/4560,135124,senado,PSD,AC,sergio.petecao@senador.leg.br,Senador,NA,Sérgio Petecão,Sérgio de Oliveira Cunha,22,Masculino,SENADOR,AC,http://www.senado.leg.br/senadores/img/fotos-oficiais/senador4560.jpg
5527,Simone Tebet,Senador,http://www25.senado.leg.br/web/senadores/senador/-/perfil/5527,135124,senado,MDB,MS,simone.tebet@senadora.leg.br,Senadora,NA,Simone Tebet,Simone Nassar Tebet,23,Feminino,SENADOR,MS,http://www.senado.leg.br/senadores/img/fotos-oficiais/senador5527.jpg
5959,Styvenson Valentim,Senador,http://www25.senado.leg.br/web/senadores/senador/-/perfil/5959,135124,senado,PODEMOS,RN,sen.styvensonvalentim@senado.leg.br,Senador,NA,Styvenson Valentim,Eann Styvenson Valentim Mendes,24,Masculino,SENADOR,RN,http://www.senado.leg.br/senadores/img/fotos-oficiais/senador5959.jpg
3396,Tasso Jereissati,Senador,http://www25.senado.leg.br/web/senadores/senador/-/perfil/3396,135124,senado,PSDB,CE,tasso.jereissati@senador.leg.br,Senador,NA,Tasso Jereissati,Tasso Ribeiro Jereissati,25,Masculino,SENADOR,CE,http://www.senado.leg.br/senadores/img/fotos-oficiais/senador3396.jpg
5411,Weverton,Senador,http://www25.senado.leg.br/web/senadores/senador/-/perfil/5411,135124,senado,PDT,MA,sen.wevertonrocha@senado.leg.br,Senador,NA,Weverton,Weverton Rocha Marques de Sousa,26,Masculino,SENADOR,MA,http://www.senado.leg.br/senadores/img/fotos-oficiais/senador5411.jpg
3806,Zequinha Marinho,Senador,http://www25.senado.leg.br/web/senadores/senador/-/perfil/3806,135124,senado,PSC,PA,sen.zequinhamarinho@senado.leg.br,Senador,NA,Zequinha Marinho,José da Cruz Marinho,27,Masculino,SENADOR,PA,http://www.senado.leg.br/senadores/img/fotos-oficiais/senador3806.jpg
739,Ciro Nogueira,Senador,http://www25.senado.leg.br/web/senadores/senador/-/perfil/739,136313,senado,PP,PI,ciro.nogueira@senador.leg.br,Senador,Não,Ciro Nogueira,Ciro Nogueira Lima Filho,1,Masculino,SENADOR,PI,http://www.senado.leg.br/senadores/img/fotos-oficiais/senador739.jpg
285,Marcio Bittar,Senador,http://www25.senado.leg.br/web/senadores/senador/-/perfil/285,136452,senado,MDB,AC,sen.marciobittar@senado.leg.br,Senador,Não,Marcio Bittar,Márcio Miguel Bittar,1,Masculino,SENADOR,AC,http://www.senado.leg.br/senadores/img/fotos-oficiais/senador285.jpg
5666,Major Olimpio,Líder,http://www25.senado.leg.br/web/senadores/senador/-/perfil/5666,137458,senado,PSL,SP,sen.majorolimpio@senado.leg.br,NA,Não,Major Olimpio,Sergio Olimpio Gomes,1,Masculino,LIDER,NA,http://www.senado.leg.br/senadores/img/fotos-oficiais/senador5666.jpg
NA,NA,Presidente da República,NA,136531,senado,NA,NA,NA,NA,Não,Presidência da República,NA,1,NA,PRESIDENTE_REPUBLICA,NA,NA
NA,NA,Presidente da República,NA,136828,senado,NA,NA,NA,NA,Não,Presidência da República,NA,1,NA,PRESIDENTE_REPUBLICA,NA,NA
945,Alvaro Dias,Líder,http://www25.senado.leg.br/web/senadores/senador/-/perfil/945,137017,senado,PODEMOS,PR,alvarodias@senador.leg.br,NA,Não,Alvaro Dias,Alvaro Fernandes Dias,1,Masculino,LIDER,NA,http://www.senado.leg.br/senadores/img/fotos-oficiais/senador945.jpg
5953,Fabiano Contarato,Senador,http://www25.senado.leg.br/web/senadores/senador/-/perfil/5953,137018,senado,REDE,ES,sen.fabianocontarato@senado.leg.br,Senador,Não,Fabiano Contarato,Fabiano Contarato,1,Masculino,SENADOR,ES,http://www.senado.leg.br/senadores/img/fotos-oficiais/senador5953.jpg
5012,Randolfe Rodrigues,Líder,http://www25.senado.leg.br/web/senadores/senador/-/perfil/5012,137018,senado,REDE,AP,randolfe.rodrigues@senador.leg.br,NA,Não,Randolfe Rodrigues,Randolph Frederich Rodrigues Alves,1,Masculino,LIDER,NA,http://www.senado.leg.br/senadores/img/fotos-oficiais/senador5012.jpg
345,Flávio Arns,Senador,http://www25.senado.leg.br/web/senadores/senador/-/perfil/345,137018,senado,REDE,PR,sen.flavioarns@senado.leg.br,Senador,NA,Flávio Arns,Flávio José Arns,2,Masculino,SENADOR,PR,http://www.senado.leg.br/senadores/img/fotos-oficiais/senador345.jpg
5535,Telmário Mota,Senador,http://www25.senado.leg.br/web/senadores/senador/-/perfil/5535,137019,senado,PROS,RR,telmariomota@senador.leg.br,Senador,Não,Telmário Mota,Telmário Mota de Oliveira,1,Masculino,SENADOR,RR,http://www.senado.leg.br/senadores/img/fotos-oficiais/senador5535.jpg
NA,NA,Presidente da República,NA,137368,senado,NA,NA,NA,NA,Não,Presidência da República,NA,1,NA,PRESIDENTE_REPUBLICA,NA,NA
NA,NA,Câmara dos Deputados,NA,137999,senado,NA,NA,NA,NA,Não,Câmara dos Deputados,NA,1,NA,CAMARA,NA,NA
5979,Leila Barros,Senador,http://www25.senado.leg.br/web/senadores/senador/-/perfil/5979,138133,senado,PSB,DF,sen.leilabarros@senado.leg.br,Senadora,Não,Leila Barros,Leila Gomes de Barros Rêgo,1,Feminino,SENADOR,DF,http://www.senado.leg.br/senadores/img/fotos-oficiais/senador5979.jpg
