id_documento,id_principal,casa,sigla_tipo,numero,ano,data_apresentacao,ementa,apelido_materia,assunto_especifico,assunto_geral,autor_nome,codigo_assunto_especifico,codigo_assunto_geral,codigo_natureza,data_leitura,descricao_identificacao_materia,descricao_natureza,descricao_objetivo_processo,descricao_subtipo_materia,explicacao_ementa_materia,indicador_complementar,indicador_tramitando,nome_casa_identificacao_materia,nome_casa_leitura,nome_casa_origem,nome_natureza,nome_poder_origem,proposicoes_apensadas,proposicoes_relacionadas,sigla_casa_identificacao_materia,sigla_casa_leitura,sigla_casa_origem
1489,1489,senado,PLS,00163,1995,1995-05-22,"ALTERA A LEI 8666, DE 21 DE JUNHO DE 1993, QUE 'REGULAMENTA           
      O ARTIGO 37, INCISO XXI, DA CONSTITUIÇÃO FEDERAL, INSTITUI NORMAS     
      PARA LICITAÇÕES E CONTRATOS DA ADMINISTRAÇÃO PUBLICA E DA OUTRAS      
      PROVIDENCIAS.'                                                        
      ",NA,Nao especificado,Nao especificado,Lauro Campos  / DF,0,0,NA,1995-05-22,PLS 163/1995,NA,Iniciadora,PROJETO DE LEI DO SENADO,NA,Não,Não,Senado Federal,NA,Senado Federal,NA,Legislativo,,,SF,NA,SF
41703,41703,senado,PLS,00526,1999,1999-08-31,"Altera a Lei nº 7802, de 11 de julho de 1999, que ""dispõe sobre a pesquisa, a experimentação, a produção, a embalagem e rotulagem,  o transporte, o armazenamento, a comercialização, a propaganda comercial, a utilização, a importação, o destino, a classificação, o controle, a inspeção e a fiscalização de agrotóxicos, seus componentes e afins, e dá outras providências.""",NA,"Agricultura, pecuária e abastecimento",Econômico,Blairo Maggi PL / MT,106,82,NA,1999-08-31,PLS 526/1999,NA,Iniciadora,PROJETO DE LEI DO SENADO,NA,Não,Não,Senado Federal,NA,Senado Federal,NA,Legislativo,,,SF,NA,SF
91341,91341,senado,PLS,00229,2009,2009-05-28,"Estabelece normas gerais sobre plano, orçamento, controle e contabilidade pública, voltadas para a responsabilidade no processo orçamentário e na gestão financeira e patrimonial, altera dispositivos da Lei Complementar nº 101, de 4 de maio de 2000, a fim de fortalecer a gestão fiscal responsável e dá outras providências.",LEI DA QUALIDADE FISCAL - AGENDA BRASIL 2015,Fiscalização e controle,Econômico,Tasso Jereissati PSDB / CE,108,82,NA,2009-05-28,PLS 229/2009,NA,Iniciadora,PROJETO DE LEI DO SENADO,"Estabelece normas sobre finanças públicas (planejamento, orçamento, execução orçamentária e controle), tendo por base o princípio da responsabilidade. Altera dispositivos da Lei de Responsabilidade Fiscal (LC nº 101/2000). Revoga a Lei nº 4.320/64.",Sim,Não,Senado Federal,Senado Federal,Senado Federal,NA,Legislativo,,96123 96979 111753 112563 112568 112573 113330 114920 116166 116195 119106 122726 120384,SF,SF,SF
96123,91341,senado,RQS,00249,2010,2010-03-23,"Tramitação conjunta dos Projetos de Lei do Senado nºs 229 e 450, de 2009",NA,Nao especificado,Nao especificado,Raimundo Colombo DEM / SC,0,0,155,NA,RQS 249/2010,Tramitação conjunta,NA,REQUERIMENTO,NA,Não,Não,Senado Federal,NA,Senado Federal,TRAMITACAO_CONJUNTA,Legislativo,,91341 93533,SF,NA,SF
96813,96813,senado,PLS,00129,2010,2010-05-11,"Altera a Lei nº 9.709, de 18 de novembro de 1998, para estabelecer a possibilidade de subscrição eletrônica para apresentação de projeto de lei de iniciativa popular.",NA,Processo legislativo,Jurídico,Serys Slhessarenko PT / MT,133,83,11,2010-05-11,PLS 129/2010,Norma Geral,Iniciadora,PROJETO DE LEI DO SENADO,"alteração da Lei nº 9.709/1998 (regulamenta a execução do plebiscito, do referendo e da iniciativa popular de lei), para acrescentar os parágrafos 3º e 4º ao art. 13, permitindo o uso de assinaturas eletrônicas dos eleitores para apresentação de projeto de lei de iniciativa popular e determinando que os projetos que não alcancem o número mínimo de assinaturas tramitem na forma de sugestões legislativas.",Não,Não,Senado Federal,Senado Federal,Senado Federal,NORMA_GERAL,Legislativo,,,SF,SF,SF
96979,91341,senado,RQS,00525,2010,2010-05-18,"Tramitação conjunta do Projeto de Lei do Senado nº 175, de 2009, com os Projetos de Lei do Senado nºs 229 e 248, de 2009",NA,Nao especificado,Nao especificado,Romero Jucá MDB / RR,0,0,155,NA,RQS 525/2010,Tramitação conjunta,NA,REQUERIMENTO,NA,Não,Não,Senado Federal,NA,Senado Federal,TRAMITACAO_CONJUNTA,Legislativo,,90919 91341 91495,SF,NA,SF
102721,102721,senado,PLS,00626,2011,2011-10-05,Dispõe sobre o cultivo sustentável da cana-de-açúcar em áreas alteradas e nos biomas Cerrado e Campos Gerais situados na Amazônia Legal e dá outras providências.,NA,"Agricultura, pecuária e abastecimento",Econômico,Flexa Ribeiro PSDB / PA,106,82,11,2011-10-05,PLS 626/2011,Norma Geral,Iniciadora,PROJETO DE LEI DO SENADO,"Dispõe sobre o cultivo sustentável da cana-de-açúcar em áreas alteradas e nos biomas Cerrado e Campos Gerais situados na Amazônia Legal e estabelece diretrizes para o zoneamento agroecológico da região, autoriza no art. 2º o plantio de cana-de-açúcar em áreas alteradas e nas áreas dos biomas Cerrado e Campos Gerais situados na Amazônia Legal, observado o Código Florestal Brasileiro; prevê no art. 3º as diretrizes para a expansão sustentável nos mencionados biomas: I) proteção ao meio ambiente; II) a conservação da biodiversidade; III) a utilização racional dos recursos naturais; IV) o uso da tecnologia apropriada para produção em áreas alteradas e nos Cerrado e Campos Gerais; V) o respeito à função social da propriedade; VI) a promoção do desenvolvimento econômico e social da região; VIII) valorização do etanol como commodity energética; IX) o respeito ao trabalhador; X) o respeito à livre concorrência; XI) o respeito à segurança alimentar e à nutrição adequada como direitos fundamentais do ser humano; e XII) a ocupação prioritária de áreas degradadas ou de pastagens; prevê nos art. 4º e 5º os objetivos que pautam o plantio de cana-de-açúcar em áreas alteradas e nas áreas dos biomas Cerrado e Campos Gerais situados na Amazônia Legal e que, para o atendimento do disposto na Lei, regulamento estabelecerá as condições, critérios e vedações para a concessão de crédito rural e agroindustrial à produção e industrialização de cana-de-açúcar, açúcar, etanol, demais biocombustíveis e de outros produtos derivados da cana-de-açúcar nas mencionadas regiões.
      
      ",Não,Não,Senado Federal,Senado Federal,Senado Federal,NORMA_GERAL,Legislativo,,105128 112951 113308 113312,SF,SF,SF
103831,103831,senado,PLS,00750,2011,2011-12-20,Dispõe sobre a Política de Gestão e Proteção do Bioma Pantanal e dá outras providências.,NA,Meio ambiente,Social,Blairo Maggi PL / MT,146,84,NA,2011-12-20,PLS 750/2011,NA,Iniciadora,PROJETO DE LEI DO SENADO,NA,Não,Não,Senado Federal,Senado Federal,Senado Federal,NA,Legislativo,,,SF,SF,SF
105128,102721,senado,RRA,00012,2012,2012-04-19,"Requer, nos termos do art. 90, V, c/c art. 93, I, todos do Regimento Interno do Senado Federal, que seja realizada Audiência Pública para debater e instruir o PLS n? 626, de 2011, que dispõe sobre o cultivo sustentável da cana-de-açúcar em áreas alteradas e nos biomas Cerrado e Campos Gerais situados na Am-azônia Legal e dá outras providências.",NA,Nao especificado,Nao especificado,Sergio Souza S/Partido / MS,0,0,NA,NA,RRA 12/2012,NA,NA,REQUERIMENTO DA COMISSÃO DE AGRICULTURA E REFORMA AGRÁRIA,NA,Não,Não,Senado Federal,NA,Senado Federal,NA,Legislativo,,,SF,NA,SF
106330,106330,senado,PEC,00033,2012,2012-07-03,"Altera a redação dos arts. 129 e 228 da Constituição Federal, acrescentando um parágrafo único para prever a possibilidade de desconsideração da inimputabilidade penal de maiores de dezesseis  anos e menores de dezoito anos por lei complementar.",NA,Organização político-administrativa do Estado,Administrativo,Zeze Perrella PSDB / SP,104,81,NA,2012-07-03,PEC 33/2012,NA,Iniciadora,PROPOSTA DE EMENDA À CONSTITUIÇÃO,"Altera o art. 129 da Constituição Federal para dispor que são funções institucionais do Ministério Público promover, privativamente, a ação penal pública e o incidente de desconsideração de inimputabilidade penal de menores de dezoito e maiores de dezesseis anos.  Altera o art. 228 da Constituição Federal para dispor que Lei Complementar estabelecerá os casos em que o Ministério Público poderá propor, nos procedimentos para a apuração de ato infracional praticado por menor de dezoito e maior de dezesseis anos, incidente de desconsideração da sua inimputabilidade.
      
      ",Não,Não,Senado Federal,Senado Federal,Senado Federal,NA,Legislativo,,109936 113346 122189 123361 125987 125988,SF,SF,SF
109936,106330,senado,RQS,01175,2012,2012-12-18,"Requer, nos termos do art. 258 do Regimento Interno, a tramitação em conjunto das Propostas de Emenda à Constituição nºs 74 e 83, de 2011, e nº 33, de 2012, por versarem sobre a mesma matéria.",NA,Nao especificado,Nao especificado,Benedito de Lira PP / AL,0,0,155,NA,RQS 1175/2012,Tramitação conjunta,NA,REQUERIMENTO,NA,Não,Não,Senado Federal,NA,Senado Federal,TRAMITACAO_CONJUNTA,Legislativo,,101484 101882 106330,SF,NA,SF
111048,111048,senado,PLS,00052,2013,2013-02-26,"Dispõe sobre a gestão, a organização e o controle social das Agências Reguladoras, acresce e altera dispositivos das Leis nº 9.472, de 16 de julho de 1997, nº 9.478, de 6 de agosto de 1997, nº 9.782, de 26 de janeiro de 1999, nº 9.961, de 28 de janeiro de 2000, nº 9.984, de 17 de julho de 2000, nº 9.986, de 18 de julho de 2000, e nº 10.233, de 5 de junho de 2001, nº 9.433 de 8 de janeiro de 1997, da Medida Provisória nº 2.228-1, de 6 de setembro de 2001, e dá outras providências.",LEI DAS AGÊNCIAS REGULADORAS - AGENDA BRASIL 2015,Administração pública: órgãos públicos,Administrativo,Eunício Oliveira MDB / CE,101,81,NA,2013-02-26,PLS 52/2013,NA,Iniciadora,PROJETO DE LEI DO SENADO,"Dispõe sobre as regras aplicáveis às Agências Reguladoras, relativamente à sua gestão, à organização e aos mecanismos de controle social. Estabelece o processo de decisão das agências reguladoras. Determina a obrigação das agências de apresentar relatório anual de atividades, de firmar contrato de gestão com o Ministério a que estiver vinculada, e de ter em cada agência um ouvidor que atuará junto à Diretoria Colegiada ou Conselho Diretor. Dispõe sobre a interação entre as agências reguladoras e os órgãos de defesa da concorrência e sobre a interação operacional entre as agências reguladoras e os órgãos de regulação estaduais, do distrito federal e municipais. Altera a Lei nº  9.472, de 1997 (dispõe sobre a organização dos serviços de telecomunicações, a criação e funcionamento de um órgão regulador e outros aspectos institucionais), a Lei nº 9.478, de 1997 (Dispõe sobre a política energética nacional, as atividades relativas ao monopólio do petróleo, institui o Conselho Nacional de Política Energética e a Agência Nacional do Petróleo), a Lei nº 9.782, de 1999 (define o sistema nacional de vigilância sanitária, cria a Agência Nacional de Vigilância Sanitária), a Lei nº 9.961, de 2000 (Cria a Agência Nacional de Saúde Suplementar – ANS), a Lei nº 9.984, de 2000 (Dispõe sobre a criação da Agência Nacional de Águas - ANA, entidade federal de implementação da Política Nacional de Recursos Hídricos e de coordenação do Sistema Nacional de Gerenciamento de Recursos Hídricos), a Lei nº 9.986, de 2000 (Dispõe sobre a gestão de recursos humanos das Agências Reguladoras), a Lei nº 10.233, de 2001 (Dispõe sobre a reestruturação dos transportes aquaviário e terrestre, cria o Conselho Nacional de Integração de Políticas de Transporte, a Agência Nacional de Transportes Terrestres, a Agência Nacional de Transportes Aquaviários e o Departamento Nacional de Infra-Estrutura de Transportes), a Lei nº 11.182, de 2005 (Cria a Agência Nacional de Aviação Civil – ANAC).
      
      ",Não,Não,Senado Federal,Senado Federal,Senado Federal,NA,Legislativo,,,SF,SF,SF
111753,91341,senado,RQS,00173,2013,2013-03-19,"Requer, na forma do disposto no caput do art. 258 do Regimento Interno do Senado Federal, a tramitação em conjunto dos seguintes Projetos de Lei do Senado,  todos complementares:
      PLS nº 90/2007( que já tramita em conjunto com os PLS nºs 150/2005 e 21/2011),  com os PLS nºs 229/2009 (que já tramita em conjunto com os PLS nºs 175, 248 e 450/2009); com o PLS nº 230/2009 (que tramita em conjunto com  o PLS nº 302/2009); com o PLS nº 298/2007(que tramita em conjunto com os PLS nºs 414/2007; 66 e 72/2008); com os PLS nºs 62,86,113,135,376, e 382/2012; 75, 538, 591 e 719/2011; e 12, 128,243,315,350  e 507/2009; 265 e 482/2008; 180 e 540/2007, por versarem sobre a mesma matéria.",NA,Nao especificado,Nao especificado,José Pimentel PT / CE,0,0,155,NA,RQS 173/2013,Tramitação conjunta,NA,REQUERIMENTO,NA,Não,Não,Senado Federal,NA,Senado Federal,TRAMITACAO_CONJUNTA,Legislativo,,73557 80152 80454 81314 81908 82427 84163 84197 86369 88782 89314 90302 90919 91341 91380 91476 91495 92012 92102 92583 93533 94083 99076 99306 101965 102430 103535 104676 104930 105150 105371 108027 108169,SF,NA,SF
112563,91341,senado,RQS,00387,2013,2013-05-07,"Solicita o desapensamento do PLS 591/2011-Complementar das seguintes matérias, apensadas: PLS 150/2005; PLS 90/2007; PLS 180/2007; PLS 298/2007; PLS 414/2007; PLS 540/2007; PLS 72/2008; PLS 265/2008; PLS 482/2008; PLS 12/2009; PLS 128/2009; PLS 175/2009; PLS 229/2009; PLS 230/2009; PLS 243/2009; PLS 248/2009; PLS 302/2009; PLS 315/2009; PLS 350/2009; PLS 450/2009; PLS 507/2009; PLS 21/2011; PLS 75/2011; PLS 538/2011; PLS 719/2011; PLS 62/2012; PLS 86/2012; PLS 113/2012; PLS 135/2012; PLS 376/2012; e PLS 382/2012.",NA,Nao especificado,Nao especificado,Ruben Figueiró PSDB / MS,0,0,146,NA,RQS 387/2013,Desapensamento de matérias ,NA,REQUERIMENTO,NA,Não,Não,Senado Federal,NA,Senado Federal,DESAPENSAMENTO_MATERIA,Legislativo,,73557 80152 80454 81314 81908 82427 84163 84197 86369 88782 89314 90302 90919 91341 91380 91476 91495 92012 92102 92583 93533 94083 99076 99306 101965 102430 103535 104676 104930 105150 105371 108027 108169,SF,NA,SF
112568,91341,senado,RQS,00388,2013,2013-05-07,"Solicita o desapensamento do PLS 86/2012-Complementar, que tramita em conjunto com as seguintes matérias, apensadas: PLS 150/2005; PLS 90/2007; PLS 180/2007; PLS 298/2007; PLS 414/2007; PLS 540/2007; PLS 72/2008; PLS 265/2008; PLS 482/2008; PLS 12/2009; PLS 128/2009; PLS 175/2009; PLS 229/2009; PLS 230/2009; PLS 243/2009; PLS 248/2009; PLS 302/2009; PLS 315/2009; PLS 350/2009; PLS 450/2009; PLS 507/2009; PLS 21/2011; PLS 75/2011; PLS 538/2011; PLS 591/2011; PLS 719/2011; PLS 62/2012; PLS 113/2012; PLS 135/2012; PLS 376/2012; e PLS 382/2012.",NA,Nao especificado,Nao especificado,Francisco Dornelles PP / RJ,0,0,146,NA,RQS 388/2013,Desapensamento de matérias ,NA,REQUERIMENTO,NA,Não,Não,Senado Federal,NA,Senado Federal,DESAPENSAMENTO_MATERIA,Legislativo,,73557 80152 80454 81314 81908 82427 84163 84197 86369 88782 89314 90302 90919 91341 91380 91476 91495 92012 92102 92583 93533 94083 99076 99306 101965 102430 103535 104676 104930 105150 105371 108027 108169,SF,NA,SF
112573,91341,senado,RQS,00390,2013,2013-05-07,"Solicita que o PLS 124/2013-Complementar, passe a tramitar em conjunto com as seguintes matéria, já apensadas: PLS 150/2005; PLS 90/2007; PLS 180/2007; PLS 298/2007; PLS 414/2007; PLS 540/2007; PLS 72/2008; PLS 265/2008; PLS 482/2008; PLS 12/2009; PLS 128/2009; PLS 175/2009; PLS 229/2009; PLS 230/2009; PLS 243/2009; PLS 248/2009; PLS 302/2009; PLS 315/2009; PLS 350/2009; PLS 450/2009; PLS 507/2009; PLS 21/2011; PLS 75/2011; PLS 538/2011; PLS 591/2011; PLS 719/2011; PLS 62/2012; PLS 86/2012; PLS 113/2012; PLS 135/2012; PLS 376/2012; e PLS 382/2012.",NA,Nao especificado,Nao especificado,Aloysio Nunes Ferreira PSDB / SP,0,0,155,NA,RQS 390/2013,Tramitação conjunta,NA,REQUERIMENTO,NA,Não,Não,Senado Federal,NA,Senado Federal,TRAMITACAO_CONJUNTA,Legislativo,,73557 80152 80454 81314 81908 82427 84163 84197 86369 88782 89314 90302 90919 91341 91380 91476 91495 92012 92102 92583 93533 94083 99076 99306 101965 102430 103535 104676 104930 105150 105371 108027 108169 112268,SF,NA,SF
112951,102721,senado,R.S,00008,2013,2013-05-22,"Recorre, nos termos do art. 91, §§ 3º e 4º, do Regimento Interno do Senado Federal, no sentido de que o Projeto de Lei do Senado nº 626, de 2011 seja submetido ao Plenário..",NA,Nao especificado,Nao especificado,Rodrigo Rollemberg REDE / AP,0,0,288,2013-05-29,R.S 8/2013,Recurso em razão de decisão de Comissão sobre proposição em caráter terminativo,NA,RECURSO (SF),NA,Não,Não,Senado Federal,Senado Federal,Senado Federal,DECISAO_COMISSAO_PROPOSICAO_TERMINAT,Legislativo,,,SF,SF,SF
112987,115926,senado,ATS,00019,2013,2013-06-03,"Cria Comissão Especial para atualizar e modernizar a Lei nº 8.666. de 21 de junho, de 1993, que ""regulamenta o art. 37, inciso XXI, da Constituição Federal, institui normas para licitações e contratos da Administração Pública e dá outras providências"".",NA,Nao especificado,Nao especificado,Presidente do Senado Federal  ,0,0,NA,NA,ATS 19/2013,NA,NA,ATO DO PRESIDENTE DO SENADO FEDERAL,NA,Não,Não,Senado Federal,Senado Federal,Senado Federal,NA,Legislativo,,,SF,SF,SF
113308,102721,senado,RQS,00700,2013,2013-06-20,"Requer, nos termos do art. 255, III, ""c"", 12, combinado com o art. 104-C, I e II, do Regimento Interno do Senado Federal, que o Projeto de Lei do Senado nº 626, de 2011, seja encaminhado para apreciação da Comissão de Ciência, Tecnologia, Inovação, Comunicação e Informática.",NA,Nao especificado,Nao especificado,Cristovam Buarque CIDADANIA / DF,0,0,156,NA,RQS 700/2013,Audiência de outra comissão,NA,REQUERIMENTO,NA,Não,Não,Senado Federal,NA,Senado Federal,AUDIENCIA_COMISSAO,Legislativo,,,SF,NA,SF
113312,102721,senado,RQS,00701,2013,2013-06-21,"Requer, nos termos do item 12 da laínea ""c"" do inciso III do art. 255, combinado com o inciso I do art. 99, do Regimento Interno do Senado Federal, que o Projeto de Lei do Senado nº 626, de 2011, seja encaminhado para apreciação da Comissão de Assuntos Econômicos.",NA,Nao especificado,Nao especificado,Cristovam Buarque CIDADANIA / DF,0,0,156,NA,RQS 701/2013,Audiência de outra comissão,NA,REQUERIMENTO,NA,Não,Não,Senado Federal,NA,Senado Federal,AUDIENCIA_COMISSAO,Legislativo,,,SF,NA,SF
113330,91341,senado,RQS,00705,2013,2013-06-25,"Requer que o PLS 62/2012-Complementar seja desapensado das seguintes matérias: PLS 150/2005; PLS 90/2007; PLS 180/2007; PLS 298/2007; PLS 414/2007; PLS 540/2007; PLS 66/2008; PLS 72/2008; PLS 265/2008; PLS 482/2008; PLS 12/2009; PLS 128/2009; PLS 175/2009; PLS 229/2009; PLS 230/2009; PLS 243/2009; PLS 248/2009; PLS 302/2009; PLS 315/2009; PLS 350/2009; PLS 450/2009; PLS 507/2009; PLS 21/2011; PLS 75/2011; PLS 538/2011; PLS 719/2011; PLS 113/2012; PLS 135/2012; PLS 376/2012 e PLS 382/2012, todos Complementares.",NA,Nao especificado,Nao especificado,Randolfe Rodrigues REDE / AP,0,0,146,NA,RQS 705/2013,Desapensamento de matérias ,NA,REQUERIMENTO,NA,Não,Não,Senado Federal,NA,Senado Federal,DESAPENSAMENTO_MATERIA,Legislativo,,73557 80152 80454 81314 81908 82427 84163 84197 86369 88782 89314 90302 90919 91341 91380 91476 91495 92012 92102 92583 93533 94083 99076 99306 101965 103535 104676 105150 105371 108027 108169,SF,NA,SF
113346,106330,senado,RQS,00712,2013,2013-06-25,"Requer, nos termos do § 1º do art. 48, do Regimento Interno do Senado Federal, a tramitação conjunta das Propostas de Emenda à Constituição nºs 20, de 1999; 90, de 2003; e 21, de 2013, com as 74 e 83, de 2011; e 33, de 2012 (já tramitando em conjunto), por tratarem de matérias correlatas.",NA,Nao especificado,Nao especificado,Ricardo Ferraço PSDB / ES,0,0,155,NA,RQS 712/2013,Tramitação conjunta,NA,REQUERIMENTO,NA,Não,Não,Senado Federal,NA,Senado Federal,TRAMITACAO_CONJUNTA,Legislativo,,837 64290 101484 101882 106330 112420,SF,NA,SF
114920,91341,senado,RQS,01237,2013,2013-10-22,"Requer, nos termos regimentais, o desapensamento do PLS 229/2009 para que tenha tramitação autônoma. (Tramitam em conjunto as seguintes matérias: PLS 229/2009; PLS 150/2005; PLS 90/2007; PLS 180/2007; PLS 298/2007; PLS 414/2007; PLS 540/2007; PLS 66/2008; PLS 72/2008; PLS 265/2008; PLS 482/2008; PLS 12/2009; PLS 128/2009; PLS 175/2009; PLS 230/2009; PLS 243/2009; PLS 248/2009; PLS 302/2009; PLS 315/2009; PLS 350/2009; PLS 450/2009; PLS 507/2009; PLS 21/2011; PLS 75/2011; PLS 538/2011; PLS 719/2011; PLS 113/2012; PLS 135/2012; PLS 376/2012; e PLS 382/2012)",NA,Nao especificado,Nao especificado,Francisco Dornelles PP / RJ,0,0,146,NA,RQS 1237/2013,Desapensamento de matérias ,NA,REQUERIMENTO,NA,Não,Não,Senado Federal,NA,Senado Federal,DESAPENSAMENTO_MATERIA,Legislativo,,73557 80152 80454 81314 81908 82427 84163 84197 86369 88782 89314 90302 90919 91341 91380 91476 91495 92012 92102 92583 93533 94083 99076 99306 101965 103535 105150 105371 108027 108169,SF,NA,SF
115926,115926,senado,PLS,00559,2013,2013-12-23,Institui normas para licitações e contratos da Administração Pública e dá outras providências.,AGENDA BRASIL 2015,Licitação e contratos,Administrativo,CT - Modernização da Lei de Licitações e Contratos  (Lei nº 8.666/1993)  ,102,81,NA,2013-12-23,PLS 559/2013,NA,Iniciadora,PROJETO DE LEI DO SENADO,"Estabelece normas gerais de licitações e contratos administrativos no âmbito da União, dos Estados, do Distrito Federal e dos Municípios. Revoga a Lei nº 8.666, de 21 de junho de 1993 (Lei das Licitações), a Lei nº 10.520, de 17 de julho de 2002 (que instituiu a modalidade de pregão nas licitações) e os arts. 1 a 47 da Lei nº 12.462, de 4 de agosto de 2011 (Regime Diferenciado de Contratações – RDC). (Projeto da nova lei de licitações, da Comissão Temporária de modernização da Lei de Licitações e Contratos).",Não,Não,Senado Federal,Senado Federal,Senado Federal,NA,Legislativo,,112987 116709 117735 117737 127762 127796,SF,SF,SF
116166,91341,senado,RQS,00085,2014,2014-02-17,"Requer, nos termos regimentais, para que tenha tramitação autônoma, o desapensamento do Projeto de Lei do Senado nº 376, de 2012 - Complementar, que se encontra tramitando em conjunto com os Projetos de Lei do Senado nºs 150, de 2005; 90, 180, 298, 414 e 540, de 2007; 66, 72, 265 e 482, de 2008; 12, 128, 175, 229, 230, 243, 248, 302, 315, 350, 450 e 507, de 2009; 21, 75, 538 e 719, de 2011; 113, 135 e 382, de 2012, todos complementares.",NA,Nao especificado,Nao especificado,Ana Amélia PP / RS,0,0,146,NA,RQS 85/2014,Desapensamento de matérias ,NA,REQUERIMENTO,NA,Não,Não,Senado Federal,NA,Senado Federal,DESAPENSAMENTO_MATERIA,Legislativo,,73557 80152 80454 81314 81908 82427 84163 84197 86369 88782 89314 90302 90919 91341 91380 91476 91495 92012 92102 92583 93533 94083 99076 99306 101965 103535 105150 105371 108027 108169,SF,NA,SF
116195,91341,senado,RQS,00093,2014,2014-02-18,"Requer, nos termos do Regimento Interno do Senado Federal, o desapensamento, para que tenha tramitação autônoma, do Projeto de Lei do Senado nº 540, de 2007 - Complementar, que se encontra apensado aos Projetos de Lei do Senado nºs  150, de 2005; 180, 298, 414 e 90 de 2007; 66, 72, 265 e 482, de 2008; 12, 128, 175, 229, 230, 243, 248, 302, 315, 350, 450 e 507, de 2009; 21, 75, 538 e 719, de 2011; e 113, 135, 376 e 382, de 2012, todos complementares, haja vista o projeto versar sobre matéria diversa dos demais projetos a ele apensados..
      ",NA,Nao especificado,Nao especificado,Cristovam Buarque CIDADANIA / DF,0,0,146,NA,RQS 93/2014,Desapensamento de matérias ,NA,REQUERIMENTO,NA,Não,Não,Senado Federal,NA,Senado Federal,DESAPENSAMENTO_MATERIA,Legislativo,,73557 80152 80454 81314 81908 82427 84163 84197 86369 88782 89314 90302 90919 91341 91380 91476 91495 92012 92102 92583 93533 94083 99076 99306 101965 103535 105150 105371 108027 108169,SF,NA,SF
116709,115926,senado,RQS,00285,2014,2014-03-26,"Requer, nos termos do art. 258, do Regimento Interno do Senado Federal, a tramitação em conjunto do PLS nº 401, de 2013, com o PLS nº 559, de 2013, por versarem sobre o mesmo tema.",NA,Nao especificado,Nao especificado,Eduardo Suplicy PT / SP,0,0,155,NA,RQS 285/2014,Tramitação conjunta,NA,REQUERIMENTO,NA,Não,Não,Senado Federal,NA,Senado Federal,TRAMITACAO_CONJUNTA,Legislativo,,114580 115926,SF,NA,SF
117735,115926,senado,RQS,00527,2014,2014-05-20,"Requer, nos termos do art. 256 do RISF, a retirada do Requerimento nº 285, de 2014.",NA,Nao especificado,Nao especificado,Eduardo Suplicy PT / SP,0,0,154,NA,RQS 527/2014,Retirada de matéria ,NA,REQUERIMENTO,NA,Não,Não,Senado Federal,NA,Senado Federal,RETIRADA_MATERIA,Legislativo,,114580 115926,SF,NA,SF
117737,115926,senado,RQS,00528,2014,2014-05-20,"Requer, nos termos regimentais, que o PLS nº 559, de 2013, seja apreciado em conjunto pelas Comissões de Constituição, Justiça e Cidadania; de Serviços de Infraestrutura; e de Assuntos Econômicos.",NA,Nao especificado,Nao especificado,Kátia Abreu PDT / TO,0,0,1001,NA,RQS 528/2014,Apreciação em Reunião Conjunta,NA,REQUERIMENTO,NA,Não,Não,Senado Federal,NA,Senado Federal,APRECIACAO_REUNIAO_CONJUNTA,Legislativo,,,SF,NA,SF
119106,91341,senado,RQS,00946,2014,2014-11-25,"Requer, nos termos regimentais, o desapensamento do PLS 298/2007-Complementar, para que tenha tramitação autônoma.",NA,Nao especificado,Nao especificado,Marcelo Crivella PRB / RJ,0,0,146,NA,RQS 946/2014,Desapensamento de matérias ,NA,REQUERIMENTO,NA,Não,Não,Senado Federal,NA,Senado Federal,DESAPENSAMENTO_MATERIA,Legislativo,,80152 80367 80454 81314 81908 82427 84163 84197 86369 88782 89314 90302 90919 91341 91380 91476 91495 92012 92102 92583 93533 94083 99076 99306 101965 103535 105150 105371 108169,SF,NA,SF
120143,120143,senado,PEC,00028,2015,2015-03-18,Altera o art. 208 da Constituição Federal para garantir a progressiva universalização da educação básica em tempo integral.,NA,Educação,Social,Walter Pinheiro PSDB / SE,144,84,11,2015-03-18,PEC 28/2015,Norma Geral,Iniciadora,PROPOSTA DE EMENDA À CONSTITUIÇÃO,Altera o art. 208 da Constituição Federal para dispor que o dever do Estado com a educação será efetivado mediante a garantia de progressiva universalização da educação básica em tempo integral.,Não,Não,Senado Federal,Senado Federal,Senado Federal,NORMA_GERAL,Legislativo,,,SF,SF,SF
120152,120152,senado,PEC,00029,2015,2015-03-18,"Altera a Constituição Federal para acrescentar no art. 5º, a explicitação inequívoca “da inviolabilidade do direito à vida, desde a concepção.",NA,Direito civil e processual civil,Jurídico,Walter Pinheiro PL / ES,126,83,11,2015-03-18,PEC 29/2015,Norma Geral,Iniciadora,PROPOSTA DE EMENDA À CONSTITUIÇÃO,Altera o art. 5º da Constituição Federal para explicitar que o direito à vida é inviolável desde a concepção.,Não,Sim,Senado Federal,Senado Federal,Senado Federal,NORMA_GERAL,Legislativo,,,SF,SF,SF
120384,91341,senado,RQS,00226,2015,2015-03-25,"Requer, nos termos regimentais, o desapensamento, para que tenha tramitação autônoma, do Projeto de Lei do Senado nº 229, de 2009 - Complementar, que se encontra tramitando em conjunto com os Projetos de Lei do Senado nº 150 de 2005; 90, 180, 298, 414 e 540 de 2007; 66, 72, 265 e 482 de 2008; 12, 128, 175, 230, 243, 248, 302, 315, 350, 450 e 507 de 2009; 21, 75, 538 e 719 de 2011; 113, 135, e 382 de 2012, todos complementares.",NA,Nao especificado,Nao especificado,Tasso Jereissati PSDB / CE,0,0,146,NA,RQS 226/2015,Desapensamento de matérias ,NA,REQUERIMENTO,NA,Não,Não,Senado Federal,NA,Senado Federal,DESAPENSAMENTO_MATERIA,Legislativo,,73557 80152 80454 81314 81908 82427 84163 84197 86369 88782 89314 90302 90919 91341 91380 91476 91495 92012 92102 92583 93533 94083 99076 99306 101965 103535 105150 105371 108169,SF,NA,SF
120768,120768,senado,PLS,00231,2015,2015-04-16,"Altera o art. 60 do Estatuto da Criança e do Adolescente para dispor sobre a participação artística, desportiva e afim.",NA,"Família, proteção a crianças, adolescentes, mulheres e idosos",Social,Valdir Raupp MDB / RO,145,84,11,2015-04-16,PLS 231/2015,Norma Geral,Iniciadora,PROJETO DE LEI DO SENADO,Altera o Estatuto da Criança e do Adolescente para regulamentar o exercício da atividade artística e desportiva pelos menores de 14 anos.,Não,Sim,Senado Federal,Senado Federal,Senado Federal,NORMA_GERAL,Legislativo,,,SF,SF,SF
121572,121572,senado,PLS,00333,2015,2015-06-02,"Altera o Decreto-Lei nº 2.848 de 7 de dezembro de 1940 (Código Penal) e as Leis nº 8.069, de 13 de julho de 1990 (Estatuto da Criança e do Adolescente), e 12.594, de 18 de janeiro de 2012 (SINASE).",NA,"Família, proteção a crianças, adolescentes, mulheres e idosos",Social,José Serra PSDB / SP,145,84,NA,2015-06-02,PLS 333/2015,NA,Iniciadora,PROJETO DE LEI DO SENADO,"Altera o Decreto-Lei nº 2.848/1940 (Código Penal), a Lei nº 8.069/1990 (Estatuto da Criança e do Adolescente – ECA) e a Lei nº 12.594/2012 (Sistema Nacional de Atendimento Socioeducativo), para estabelecer que é circunstância agravante a prática do crime com a participação de menor de 18 anos de idade, que o ECA se aplica excepcionalmente a pessoas entre 18 e 26 anos de idade e que poderá ser adotada a medida socioeducativa de internação em Regime Especial de Atendimento, após os 18 anos de idade, pelo período máximo de 10 anos.",Não,Não,Senado Federal,Senado Federal,Senado Federal,NA,Legislativo,,121811 121805 122374 122380 122386 122387 122390 122394 122395 122384,SF,SF,SF
121805,121572,senado,RQS,00692,2015,2015-06-16,"Requer, nos termos do art. 336, inciso II, do RISF, urgência para o PLS nº 333/2015.",NA,Nao especificado,Nao especificado,Líderes Partidários  ,0,0,157,NA,RQS 692/2015,Urgência para matéria,NA,REQUERIMENTO,NA,Não,Não,Senado Federal,NA,Senado Federal,URGENCIA_MATERIA,Legislativo,,,SF,NA,SF
121811,121572,senado,RQS,00691,2015,2015-06-16,"Requer, nos termos do art. 258, RISF, a tramitação conjunta do PLS 333/2015 com o PLC 20/2015.",NA,Nao especificado,Nao especificado,José Pimentel PT / CE,0,0,155,NA,RQS 691/2015,Tramitação conjunta,NA,REQUERIMENTO,NA,Não,Não,Senado Federal,NA,Senado Federal,TRAMITACAO_CONJUNTA,Legislativo,,120493 121572,SF,NA,SF
122189,106330,senado,RQS,00780,2015,2015-07-07,"Requer, nos termos do art 279, inciso II, do Regimento Interno do Senado Federal, que a Proposta de Emenda à Constituição nº 33, de 2012 seja reexaminada pela Comissão de Constituição, Justiça e Cidadania.
      (Tramitam em conjunto as Propostas de Emenda à Constituição nº 74/2011, 33/2012 e 21/2013.)",NA,Nao especificado,Nao especificado,Aloysio Nunes Ferreira PSDB / PB,0,0,422,NA,RQS 780/2015,Reexame de matéria por Comissão,NA,REQUERIMENTO,NA,Não,Não,Senado Federal,NA,Senado Federal,REEXAME_MATERIA_COMISSAO,Legislativo,,101484 106330 112420,SF,NA,SF
122374,121572,senado,RQS,00810,2015,2015-07-14,"Requer, nos termos do art. 352, parágrafo único, inciso I, RISF, a extinção da urgência do PLS 333/2015.",NA,Nao especificado,Nao especificado,Sandra Braga REDE / AP,0,0,601,NA,RQS 810/2015,Extinção de urgência,NA,REQUERIMENTO,NA,Não,Não,Senado Federal,NA,Senado Federal,EXTINCAO_URGENCIA,Legislativo,,120493 121572,SF,NA,SF
122380,121572,senado,RQS,00811,2015,2015-07-14,"Requer, nos termos regimentais, a retirada da Emenda nº 1-PLEN ao PLS 333/2015",NA,Nao especificado,Nao especificado,Simone Tebet MDB / MS,0,0,154,NA,RQS 811/2015,Retirada de matéria ,NA,REQUERIMENTO,NA,Não,Não,Senado Federal,NA,Senado Federal,RETIRADA_MATERIA,Legislativo,,,SF,NA,SF
122384,121572,senado,RQS,0811A,2015,2015-07-14,"Requer, nos termos regimentais, a retirada da Emenda nº 3-PLEN oferecida ao PLS 333/2015.",NA,Nao especificado,Nao especificado,Simone Tebet MDB / MS,0,0,154,NA,RQS 811A/2015,Retirada de matéria ,NA,REQUERIMENTO,NA,Não,Não,Senado Federal,NA,Senado Federal,RETIRADA_MATERIA,Legislativo,,,SF,NA,SF
122386,121572,senado,RQS,00812,2015,2015-07-14,"Requer, nos termos regimentais, preferência para votação da Emenda nº 14-PLEN - Substitutivo ao PLS 333/2015.",NA,Nao especificado,Nao especificado,José Pimentel PT / CE,0,0,321,NA,RQS 812/2015,Preferência,NA,REQUERIMENTO,NA,Não,Não,Senado Federal,NA,Senado Federal,PREFERENCIA,Legislativo,,120493 121572,SF,NA,SF
122387,121572,senado,RQS,00813,2015,2015-07-14,"Requer, nos termos do art. 312, II, RISF, destaque para votação em separado da Emenda nº 10-PLEN oferecida ao PLS 333/2015.",NA,Nao especificado,Nao especificado,José Serra PSDB / SP,0,0,147,NA,RQS 813/2015,Destaque para votação em separado,NA,REQUERIMENTO,NA,Não,Não,Senado Federal,NA,Senado Federal,DESTAQUE,Legislativo,,,SF,NA,SF
122390,121572,senado,RQS,00814,2015,2015-07-14,"Requer, nos termos do art. 312, inciso II, RISF, destaque para votação em separado da Emenda nº 6-PLEN oferecida ao PLS 333/2015.",NA,Nao especificado,Nao especificado,Aloysio Nunes Ferreira PSDB / SP,0,0,147,NA,RQS 814/2015,Destaque para votação em separado,NA,REQUERIMENTO,NA,Não,Não,Senado Federal,NA,Senado Federal,DESTAQUE,Legislativo,,,SF,NA,SF
122394,121572,senado,RQS,00815,2015,2015-07-14,"Requer, nos termos do art. 312, inciso II, RISF, destaque para votação em separado das Emendas nºs 15 e 16-PLEN oferecidas ao PLS 333/2015.",NA,Nao especificado,Nao especificado,Lídice da Mata PSB / BA,0,0,147,NA,RQS 815/2015,Destaque para votação em separado,NA,REQUERIMENTO,NA,Não,Não,Senado Federal,NA,Senado Federal,DESTAQUE,Legislativo,,,SF,NA,SF
122395,121572,senado,RQS,00816,2015,2015-07-14,"Requer, nos termos do art. 312, inciso II, RISF, destaque para votação em separado do § 3º do art. 122 do Substitutivo ao PLS 333/2015.",NA,Nao especificado,Nao especificado,Lídice da Mata PSB / BA,0,0,147,NA,RQS 816/2015,Destaque para votação em separado,NA,REQUERIMENTO,NA,Não,Não,Senado Federal,NA,Senado Federal,DESTAQUE,Legislativo,,,SF,NA,SF
122726,91341,senado,RQE,00030,2015,2015-08-18,"Requer, nos termos do art. 93, I, do Regimento Interno do Senado Federal, a realização de audiência pública para instruir o PLS nº 229, de 2009 – Complementar, que “estabelece normas gerais sobre plano, orçamento, controle e contabilidade pública, voltadas para a responsabilidade no processo orçamentário e na gestão financeira e patrimonial, altera dispositivos da Lei Complementar nº 101, de 4 de maio de 2000, a fim de fortalecer a gestão fiscal responsável e dá outras providências”. Para tanto, recomenda-se a presença dos seguintes convidados: Tarcísio José Massote de Godoy – Secretário Executivo do Ministério da Fazenda; Dyogo Henrique de Oliveira – Secretário Executivo do Ministério de Planejamento, Orçamento e Gestão; representante da Consultoria de Orçamentos, Fiscalização e Controle - CONORF do Senado Federal; José Roberto Afonso, economista e pesquisador do FGV/Ibre; e Hélio Tollini, economista.",NA,Nao especificado,Nao especificado,Delcídio do Amaral S/Partido / MS,0,0,NA,NA,RQE 30/2015,NA,NA,REQUERIMENTO DA COMISSÃO DE ASSUNTOS ECONÔMICOS,NA,Não,Não,Senado Federal,NA,Senado Federal,NA,Legislativo,,,SF,NA,SF
123361,106330,senado,RQS,01109,2015,2015-09-29,"Requer, nos termos do § 1º, do art. 48, do Regimento Interno do Senado Federal, que a Proposta de Emenda à Constituição nº 115, de 2015 passe a tramitar em conjunto com as Propostas de Emenda à Constituição nºs 33, de 2012, 74, de 2011 e 21, de 2013, por disporem sobre a mesma matéria.",NA,Nao especificado,Nao especificado,Ricardo Ferraço PSDB / ES,0,0,155,NA,RQS 1109/2015,Tramitação conjunta,NA,REQUERIMENTO,NA,Não,Não,Senado Federal,NA,Senado Federal,TRAMITACAO_CONJUNTA,Legislativo,,101484 106330 112420 122817,SF,NA,SF
125987,106330,senado,RQJ,00023,2016,2016-06-01,"Requeiro, nos termos do inciso I do art. 93 do Regimento Interno do Senado Federal, a realização de audiência pública desta Comissão de Constituição, Justiça e Cidadania (CCJ), com o objetivo de debater e instruir as seguintes Propostas de Emendas à Constituição, que tramitam em conjunto:
      - PEC nº 74, de 2011, que acrescenta parágrafo único ao art. 228 da Constituição Federal para estabelecer que, nos casos de crimes de homicídio doloso e roubo seguido de morte, tentados ou consumados, são penalmente inimputáveis os menores de quinze anos;
      - PEC nº 33, de 2012, que altera a redação dos arts. 129 e 228 da Constituição Federal, acrescentando um parágrafo único para prever a possibilidade de desconsideração da inimputabilidade penal de maiores de dezesseis anos e menores de dezoito anos por lei complementar;
      - PEC nº 21, de 2013, que altera o art. 228 da Constituição Federal com vistas à diminuição da maioridade penal;
      - PEC nº 115, de 2015, que altera a redação do art. 228 da Constituição Federal.
      Para debater as proposições, requeiro que sejam convidados:
      1.	Deputado Federal Laerte Bessa;
      2.	Conselho Nacional dos Direitos da Criança e do Adolescente – CONANDA;
      3.	Conselho Federal de Psicologia;
      4.	Associação dos Magistrados Brasileiros – AMB;
      5.	Associação Nacional dos Membros do Ministério Público – CONAMP;
      6.	Associação Nacional dos Defensores Públicos – ANADEP;
      7.	Associação dos Delegados de Polícia do Brasil – ADEPOL/BR;
      8.	Rede de Justiça Criminal;
      9.	Fundação Abrinq
      ",NA,Nao especificado,Nao especificado,Randolfe Rodrigues PROS / RR,0,0,NA,NA,RQJ 23/2016,NA,NA,"REQUERIMENTO  DA COMISSÃO DE CONSTITUIÇÃO, JUSTIÇA E CIDADANIA",NA,Não,Não,Senado Federal,NA,Senado Federal,NA,Legislativo,,101484 106330 112420 122817,SF,NA,SF
125988,106330,senado,RQJ,00024,2016,2016-06-01,"Requeiro, nos termos do art. 93, c/c art. 142, do Regimento Interno do Senado Federal, a realização de Audiência Pública na Comissão de Constituição, Justiça e Cidadania - CCJ, para instruir a PEC 33/2012, que tramita em conjunto com as PEC’s n° 74/2011, 21/2013 e 115/2015.
      Indico, como convidadas as seguintes entidades:
      1. Representante do Conselho Nacional da Criança e do Adolescente - CONANDA;
      2. Representante da Confederação Nacional dos Bispos do Brasil;
      3. Representante da Ordem dos Advogados do Brasil - OAB;
      4. Flávia Piovesan – Secretária de Direitos Humanos do Ministério da Justiça;
      5. Representante do Instituto Brasileiro de Ciências Criminais - IBCCRIM;
      6. Representante da ANCED / CEDECA;
      7. Representante da ONG Visão Mundial;
      8. Representante do Conselho Nacional de Política Penitenciária - CNPCP.",NA,Nao especificado,Nao especificado,Jorge Viana PT / AC,0,0,NA,NA,RQJ 24/2016,NA,NA,"REQUERIMENTO  DA COMISSÃO DE CONSTITUIÇÃO, JUSTIÇA E CIDADANIA",NA,Não,Não,Senado Federal,NA,Senado Federal,NA,Legislativo,,101484 106330 112420 122817,SF,NA,SF
126049,126049,senado,PLS,00232,2016,2016-06-07,"Dispõe sobre o modelo comercial do setor elétrico, a portabilidade da conta de luz e as concessões de geração de energia elétrica, altera as Leis nº 9.427, de 26 de dezembro de 1996, nº 9.478, de 6 de agosto de 1997, nº 9.648, de 27 de maio de 1998, nº 10.847, de 15 de março de 2004, nº 10.848, de 15 de março de 2004, e nº 12.783, de 11 de janeiro de 2013, e a Medida Provisória nº 2.227, de 4 de setembro de 2001, e dá outras providências.",NA,Minas e energia,Econômico,Cássio Cunha Lima PSDB / PB,111,82,11,2016-06-07,PLS 232/2016,Norma Geral,Iniciadora,PROJETO DE LEI DO SENADO,"Dispõe sobre o modelo comercial do setor elétrico e as concessões de geração de energia elétrica. Estabelece que as concessões de geração de energia hidrelétrica deverão ser objeto de licitação, nas modalidades leilão ou concorrência, pelo prazo de até 30 anos, ressalvadas as destinadas à autoprodução e à produção independente com consumo próprio; e as concessões e autorizações de geração de energia hidrelétrica referentes a empreendimentos de potência igual ou inferior a 3 MW.  O serviço será explorado por meio de órgão ou entidade da administração pública federal até a realização de novo processo licitatório, caso não haja interessado na licitação. Autoriza as concessionárias, as permissionárias e as autorizadas de serviço público de distribuição de energia elétrica do Sistema Interligado Nacional – SIN, a realizarem leilões específicos para compra de energia elétrica, para obter proteção contra a volatilidade de preços.",Não,Sim,Senado Federal,Senado Federal,Senado Federal,NORMA_GERAL,Legislativo,,,SF,SF,SF
126364,126364,senado,PLS,00272,2016,2016-07-05,"Altera a Lei nº 13.260, de 16 de março de 2016, a fim de disciplinar com mais precisão condutas consideradas como atos de terrorismo.",NA,Direito penal e processual penal,Jurídico,Lasier Martins PODEMOS / RS,130,83,11,2016-07-05,PLS 272/2016,Norma Geral,Iniciadora,PROJETO DE LEI DO SENADO,"Altera a Lei nº 13.260, de 16 de março de 2016, a fim de disciplinar com mais precisão condutas consideradas como atos de terrorismo.",Não,Sim,Senado Federal,Senado Federal,Senado Federal,NORMA_GERAL,Legislativo,,,SF,SF,SF
127452,127753,senado,ATS,00024,2016,2016-11-10,Cria Comissão Especial para analisar a efetividade do limite remuneratório imposto pelo teto constitucional aos agentes públicos e com a finalidade de vedar a vinculação remuneratória automática entre subsídios.,NA,Nao especificado,Nao especificado,Presidente do Senado Federal  ,0,0,NA,NA,ATS 24/2016,NA,NA,ATO DO PRESIDENTE DO SENADO FEDERAL,NA,Não,Não,Senado Federal,Senado Federal,Senado Federal,NA,Legislativo,,127753 127754 127756 127642,SF,SF,SF
127753,127753,senado,PLS,00449,2016,2016-12-08,Regulamenta o limite remuneratório de que tratam o inciso XI e os §§ 9º e 11 do art. 37 da Constituição Federal.,NA,Servidores públicos,Administrativo,Comissão Especial do Extrateto  ,105,81,NA,2016-12-08,PLS 449/2016,NA,Iniciadora,PROJETO DE LEI DO SENADO,NA,Não,Não,Senado Federal,Senado Federal,Senado Federal,NA,Legislativo,,127452 127754 127756,SF,SF,SF
127754,127753,senado,PLS,00450,2016,2016-12-08,Altera a Lei de Acesso à informação para obrigar a divulgação das remunerações pagas aos agentes públicos.,NA,Servidores públicos,Administrativo,Comissão Especial do Extrateto  ,105,81,NA,2016-12-08,PLS 450/2016,NA,Iniciadora,PROJETO DE LEI DO SENADO,NA,Não,Não,Senado Federal,Senado Federal,Senado Federal,NA,Legislativo,,127452 127753 127756,SF,SF,SF
127756,127753,senado,PLS,00451,2016,2016-12-08,"Altera o art. 10 da Lei nº 8.429, de 2 de junho de 1992, para considerar ato de improbidade a autorização de pagamento de verbas remuneratórias acima do teto constitucional.",NA,Servidores públicos,Administrativo,Comissão Especial do Extrateto  ,105,81,NA,2016-12-08,PLS 451/2016,NA,Iniciadora,PROJETO DE LEI DO SENADO,NA,Não,Não,Senado Federal,Senado Federal,Senado Federal,NA,Legislativo,,127452 127753 127754,SF,SF,SF
127762,115926,senado,RQS,00933,2016,2016-12-08,"Requer, nos termos regimentais, preferência para votação da Emenda nº 99-PLEN (Substitutivo) antes do texto do PLS 559/2013.",NA,Nao especificado,Nao especificado,Eunício Oliveira MDB / CE,0,0,321,NA,RQS 933/2016,Preferência,NA,REQUERIMENTO,NA,Não,Não,Senado Federal,NA,Senado Federal,PREFERENCIA,Legislativo,,,SF,NA,SF
127796,115926,senado,RQS,00951,2016,2016-12-13,"Requer, nos termos do art. 256, I, RISF, a retirada das Emendas nºs 129 e 130-PLEN, de sua autoria, apresentadas ao PLS 559/2013.",NA,Nao especificado,Nao especificado,Antonio Anastasia PSDB / MG,0,0,154,NA,RQS 951/2016,Retirada de matéria ,NA,REQUERIMENTO,NA,Não,Não,Senado Federal,NA,Senado Federal,RETIRADA_MATERIA,Legislativo,,,SF,NA,SF
128634,128634,senado,PLC,00027,2017,2017-04-04,"Estabelece medidas de combate à impunidade, à corrupção; altera os Decretos-Leis nºs 2.848, de 7 de dezembro de 1940 – Código Penal, e 3.689, de 3 de outubro de 1941 –Código de Processo Penal; as Leis nºs 4.717, de 29 de junho de 1965, 4.737, de 15 de julho de 1965, 8.072, de 25 de julho de 1990, 8.112, de 11 de dezembro de 1990, 8.429, de 2 de junho de 1992, 8.906, de 4 de julho de 1994, 9.096, de 19 de setembro de 1995, 9.504, de 30 de setembro de 1997, 9.613, de 3 de março de 1998, e 7.347, de 24 de julho de 1985; revoga dispositivos do Decreto-Lei nº 201, de 27 de fevereiro de 1967, e da Lei nº 8.137, de 27 de dezembro de 1990; e dá outras providências.",Medidas de Combate à Corrupção,Direito penal e processual penal,Jurídico,Câmara dos Deputados  ,130,83,11,2017-04-04,PLC 27/2017,Norma Geral,Revisora,PROJETO DE LEI DA CÂMARA,"Considera razoável duração do processo o prazo que não exceda 3 anos na instância originária e 1 ano na recursal; define crimes de abuso de autoridade dos Magistrados e dos membros do Ministério Público; altera o Código Penal, a Lei que regula a ação popular, a Lei que dispõe sobre o Estatuto da Advocacia e OAB.",Não,Não,Senado Federal,NA,Câmara dos Deputados,NORMA_GERAL,NA,,,SF,NA,CD
129778,129778,senado,PEC,00024,2017,2017-06-27,"Acrescenta o art. 212-A à Constituição Federal, para tornar permanente o Fundo de Manutenção e Desenvolvimento da Educação Básica e de Valorização dos Profissionais da Educação – FUNDEB, e revoga o art. 60 do Ato das Disposições Constitucionais Transitórias.",NA,Educação,Social,Vicentinho Alves PSB / BA,144,84,11,2017-06-27,PEC 24/2017,Norma Geral,Iniciadora,PROPOSTA DE EMENDA À CONSTITUIÇÃO,"Assegura a distribuição dos recursos e de responsabilidades entre o Distrito Federal, os Estados e seus Municípios mediante a criação, no âmbito de cada Estado e do Distrito Federal, de um Fundo de Manutenção e Desenvolvimento da Educação Básica e de Valorização dos Profissionais da Educação – FUNDEB, de natureza contábil.
      ",Não,Não,Senado Federal,NA,Senado Federal,NORMA_GERAL,Legislativo,,,SF,NA,SF
131429,131429,senado,PLS,00429,2017,2017-11-01,"Altera a Lei nº 9.096, de 19 de setembro de 1995, que dispõe sobre partidos políticos, regulamenta os arts. 14, § 3º, inciso V e 17, da Constituição Federal, a fim de aplicar aos partidos políticos as normas sobre programa de integridade.",NA,Direito eleitoral e partidos políticos,Jurídico,Antonio Anastasia PSDB / MG,128,83,11,2017-11-01,PLS 429/2017,Norma Geral,Iniciadora,PROJETO DE LEI DO SENADO,"Altera a Lei dos Partidos Políticos, para dispor que o estatuto partidário deve prever programa de integridade para coibir desvios, fraudes e atos ilícitos. A violação implica cancelamento imediato da filiação. A falta de programa efetivo implica suspensão de recebimento do fundo partidário.",Não,Sim,Senado Federal,NA,Senado Federal,NORMA_GERAL,Legislativo,,,SF,NA,SF
131906,131906,senado,PLS,00495,2017,2017-12-12,"Altera a Lei nº 9.433, de 8 de janeiro de 1997, para introduzir os mercados de água como instrumento destinado a promover alocação mais eficiente dos recursos hídricos.",NA,Meio ambiente,Social,Tasso Jereissati PSDB / CE,146,84,11,2017-12-12,PLS 495/2017,Norma Geral,Iniciadora,PROJETO DE LEI DO SENADO,"Altera a Política Nacional de Recursos Hídricos para priorizar o uso múltiplo e a alocação mais eficiente dos recursos hídricos, bem como para criar os mercados de água.",Não,Sim,Senado Federal,NA,Senado Federal,NORMA_GERAL,Legislativo,,,SF,NA,SF
132865,132865,senado,PLS,00168,2018,2018-04-10,Regulamenta o licenciamento ambiental previsto no inciso IV do § 1º do art. 225 da Constituição Federal e dispõe sobre a avaliação ambiental estratégica.,NA,Meio ambiente,Social,Acir Gurgacz PDT / RO,146,84,11,2018-04-10,PLS 168/2018,Norma Geral,Iniciadora,PROJETO DE LEI DO SENADO,"Cria a Lei Geral de Licenciamento Ambiental, estabelecendo normas gerais para o licenciamento de atividades ou empreendimentos utilizadores de recursos ambientais, efetiva ou potencialmente poluidores ou capazes, sob qualquer forma, de causar
      degradação do meio ambiente e institui a avaliação ambiental estratégica (AAE).",Não,Sim,Senado Federal,NA,Senado Federal,NORMA_GERAL,Legislativo,,,SF,NA,SF
133943,133943,senado,PLC,00078,2018,2018-07-05,"Altera a Lei nº 12.276, de 30 de junho de 2010, para permitir à Petróleo Brasileiro S.A. (Petrobras) a transferência parcial a terceiros de áreas contratadas no regime de cessão onerosa.",NA,Minas e energia,Econômico,Câmara dos Deputados  ,111,82,11,2018-07-11,PLC 78/2018,Norma Geral,Revisora,PROJETO DE LEI DA CÂMARA,"Autoriza a Petrobras a transferir até 70% dos direitos de exploração de petróleo do pré-sal na área cedida onerosamente pela União para outras petroleiras, mantida a participação de 30% no consórcio, e flexibiliza a utilização do regime licitatório das sociedades de economia mista nas contratações de bens e serviços pelos consórcios integrados pela Petrobras.",Não,Sim,Senado Federal,NA,Câmara dos Deputados,NORMA_GERAL,NA,,,SF,NA,CD
135060,135060,senado,MPV,00867,2018,2018-12-27,"Altera a Lei nº 12.651, de 25 de maio de 2012, para dispor sobre a extensão do prazo para adesão ao Programa de Regularização Ambiental.",Programa de Regularização Ambiental (PRA),Meio ambiente,Social,Presidência da República  ,146,84,11,NA,MPV 867/2018,Norma Geral,NA,MEDIDA PROVISÓRIA,"Estende até 31 de dezembro de 2019 o prazo para adesão ao Programa de Regularização Ambiental (PRA) pelo proprietário ou posseiro rural inscrito no Cadastro Ambiental Rural (CAR), permitida a prorrogação por mais um ano por ato do Chefe do Poder Executivo.",Não,Não,Congresso Nacional,NA,Presidência da República,NORMA_GERAL,NA,,,CN,NA,PR
135061,135061,senado,MPV,00868,2018,2018-12-28,"Atualiza o marco legal do saneamento básico e altera a Lei nº 9.984, de 17 de julho de 2000, para atribuir à Agência Nacional de Águas competência para editar normas de referência nacionais sobre o serviço de saneamento; a Lei nº 10.768, de 19 de novembro de 2003, para alterar as atribuições do cargo de Especialista em Recursos Hídricos; a Lei nº 11.445, de 5 de janeiro de 2007, para aprimorar as condições
      estruturais do saneamento básico no País; e a Lei nº 13.529, de 4 de dezembro de 2017, para autorizar a União a participar de fundo com a finalidade exclusiva de financiar serviços técnicos especializados.",Altera o marco legal do saneamento básico,Política urbana,Econômico,Presidência da República  ,116,82,11,NA,MPV 868/2018,Norma Geral,NA,MEDIDA PROVISÓRIA,NA,Não,Não,Congresso Nacional,NA,Presidência da República,NORMA_GERAL,NA,,,CN,NA,PR
135062,135062,senado,MPV,00869,2018,2018-12-28,"Altera a Lei nº 13.709, de 14 de agosto de 2018, para dispor sobre a proteção de dados pessoais e para criar a Autoridade Nacional de Proteção de
      Dados, e dá outras providências.",Proteção de dados pessoais,Direito civil e processual civil,Jurídico,Presidência da República  ,126,83,11,2019-05-29,MPV 869/2018,Norma Geral,NA,MEDIDA PROVISÓRIA,"Altera a Lei nº 13.709, de 2018, para criar, como órgão da administração pública federal, a Autoridade Nacional de Proteção de Dados - ANPD, estabelecendo sua composição e suas competências e garantindo sua autonomia técnica. Altera a Lei nº 13.502, de 2017, de forma a incluir a ANPD na estrutura da Presidência da República. Promove outras alterações na Lei nº 13.709, de 2018, para dispor sobre a proteção de dados pessoais.",Não,Não,Congresso Nacional,NA,Presidência da República,NORMA_GERAL,NA,,,CN,NA,PR
135064,135064,senado,MPV,00870,2019,2019-01-01,Estabelece a organização básica dos órgãos da Presidência da República e dos Ministérios.,Organização da Presidência e dos Ministérios,Administração pública: órgãos públicos,Administrativo,Presidência da República  ,101,81,11,2019-05-24,MPV 870/2019,Norma Geral,NA,MEDIDA PROVISÓRIA,"A presente Medida Provisória estabelece a organização básica dos órgãos da Presidência da República e dos Ministérios, definindo suas competências e sua estrutura básica. Prevê que o detalhamento da organização dos órgãos será definido por meio de decretos de estrutura regimental e que a vinculação das entidades aos órgãos da administração pública federal será estabelecida por Ato do Poder Executivo federal. Define que integram a Presidência da República os seguintes órgãos: Casa Civil; Secretaria de Governo; Secretaria-Geral; Gabinete Pessoal do Presidente da República; Gabinete de Segurança Institucional; Autoridade Nacional de Proteção de Dados Pessoais; Conselho de Governo; Conselho Nacional de Política Energética; Conselho do Programa de Parcerias de Investimentos da Presidência da República; Advogado-Geral da União; Assessoria Especial do Presidente da República; Conselho da República; e Conselho de Defesa Nacional. Define que a organização ministerial passa a ser composta pelos seguintes Ministérios: da Agricultura, Pecuária e Abastecimento; da Cidadania; da Ciência, Tecnologia, Inovações e Comunicações; da Defesa; do Desenvolvimento Regional; da Economia; da Educação; da Infraestrutura; da Justiça e Segurança Pública; do Meio Ambiente; de Minas e Energia; da Mulher, da Família e dos Direitos Humanos; das Relações Exteriores; da Saúde; do Turismo; e Controladoria-Geral da União. Concede status de Ministro de Estado, além de para os titulares dos Ministérios, aos ocupantes dos seguintes cargos: Chefe da Casa Civil da Presidência da República; Chefe da Secretaria de Governo da Presidência da República; Chefe da Secretaria-Geral da Presidência da República; Chefe do Gabinete de Segurança Institucional da Presidência da República; Advogado-Geral da União; e Presidente do Banco Central do Brasil. Promove transformação de cargos, funções comissionadas e órgãos e cria Secretarias. Transfere competências, acervo patrimonial e redistribui pessoal. Altera ou revoga dispositivos  das seguintes Leis: Lei nº 13.334, de 13 de setembro de 2016 (Programa de Parcerias de Investimentos); Lei nº 9.069, de 29 de junho de 1995 (Conselho Monetário Nacional); Lei nº 11.457, de 16 de março de 2007 (Receita Federal); Lei nº 9.984, de 17 de julho de 2000 (ANA); Lei nº 9.433, de 8 de janeiro de 1997 (Conselho Nacional de Recursos Hídricos); Lei nº 8.001, de 13 de março de 1990 (Compensação Financeira); Lei nº 11.952, de 25 de junho de 2009 (Incra); Lei nº 10.599, de 13 de novembro de 2002 (Comissão de Anistia); Lei nº 11.440, de 29 de dezembro de 2006 (Serviço Exterior Brasileiro); Lei nº 9.613, de 3 de março de 1998 (COAF); Lei nº 11.473, de 10 de maio de 2017 (Cooperação federativa de segurança pública); Lei nº 13.346, de 10 de outubro de 2016 (funções comissionadas); Lei nº 10.233, de 5 de junho de 2001 (CONIT); Lei nº 11.346, de 15 de setembro de 2006 (CONSEA). Revoga a Lei nº 13.502, de 1º de novembro de 2017, que estabelecia anteriormente a organização básica dos órgãos da Presidência da República e dos Ministérios. Revoga dispositivos da Medida Provisória nº 849, de 31 de agosto de 2018, que “posterga e cancela aumentos remuneratórios de pessoal civil da administração pública federal para exercícios subsequentes”.",Não,Não,Congresso Nacional,NA,Presidência da República,NORMA_GERAL,NA,,,CN,NA,PR
135505,135505,senado,PL,01256,2019,2019-02-27,"Revoga o § 3º do art. 10 da Lei nº 9.504, de 30 de setembro de 1997, que prevê percentual de preenchimento mínimo de vagas para candidaturas de cada sexo.",NA,Direito eleitoral e partidos políticos,Jurídico,Angelo Coronel PSD / BA,128,83,11,2019-02-27,PL 1256/2019,Norma Geral,Iniciadora,PROJETO DE LEI,"Altera a Lei Geral das Eleições, para revogar os percentuais mínimo e máximo de candidaturas de cada sexo a serem registradas pelo partido ou coligação para a Câmara dos Deputados, as Assembleias Legislativas e as Câmaras Municipais.",Não,Não,Senado Federal,NA,Senado Federal,NORMA_GERAL,Legislativo,,,SF,NA,SF
135799,135799,senado,PL,01551,2019,2019-03-19,"Revoga o Capítulo IV – Da Reserva Legal, da Lei Nº 12.651, de 25 de maio de 2012, que dispõe sobre a proteção da vegetação nativa, para garantir o direito constitucional de propriedade.",NA,Meio ambiente,Social,Marcio Bittar MDB / AC,146,84,11,2019-03-19,PL 1551/2019,Norma Geral,Iniciadora,PROJETO DE LEI,Revoga o instituto da Reserva Legal no Código Florestal.,Não,Não,Senado Federal,NA,Senado Federal,NORMA_GERAL,Legislativo,,,SF,NA,SF
136033,136033,senado,PL,01864,2019,2019-03-28,"Altera o Decreto-Lei nº 2.848, de 7 de dezembro de 1940 - Código Penal, o Decreto-Lei nº 3.689, de 3 de outubro de 1941 - Código de Processo Penal, a Lei nº 7.210, de 11 de julho de 1984 - Lei de Execução Penal, a Lei nº 8.072, de 25 de julho de 1990, a Lei nº 8.429, de 2 de junho de 1992, a Lei nº 9.296, de 24 de julho de 1996, a Lei nº 9.613, de 3 de março de 1998, a Lei nº 10.826, de 22 de dezembro de 2003, a Lei nº 11.343, de 23 de agosto de 2006, a Lei nº 11.671, de 8 de maio de 2008, a Lei nº 12.037, de 1º de outubro de 2009, a Lei nº 12.850, de 2 de agosto de 2013, e a Lei nº 13.608, de 10 de janeiro de 2018, para estabelecer medidas contra a corrupção, o crime organizado e os crimes praticados com grave violência a pessoa.",NA,Direito penal e processual penal,Jurídico,Lasier Martins CIDADANIA / MA,130,83,11,2019-03-28,PL 1864/2019,Norma Geral,Iniciadora,PROJETO DE LEI,NA,Não,Sim,Senado Federal,NA,Senado Federal,NORMA_GERAL,Legislativo,,,SF,NA,SF
136173,136173,senado,PL,01321,2019,2019-04-04,"Altera a Lei nº 9.096, de 19 de setembro de 1995 (Lei dos Partidos Políticos), a fim de assegurar autonomia aos partidos políticos para definir o prazo de duração dos mandatos dos membros dos seus órgãos partidários permanentes ou provisórios; e dá outras providências.",NA,Direito eleitoral e partidos políticos,Jurídico,Câmara dos Deputados  ,128,83,11,2019-04-03,PL 1321/2019,Norma Geral,Revisora,PROJETO DE LEI,NA,Não,Não,Senado Federal,NA,Câmara dos Deputados,NORMA_GERAL,NA,,,SF,NA,CD
