data_hora,descricao_situacao,descricao_tramitacao,despacho,id_prop,id_situacao,id_tipo_tramitacao,regime,sequencia,sigla_orgao,uri_orgao,url,fase,evento,local,casa
2016-03-16T14:03:00Z,NA,Apresentação de Proposição,"Apresentação da Reclamação n. 2/2016, pelo Deputado Arnaldo Faria de Sá (PTB-SP), que: ""Solicita, com fundamento no parágrafo único do art. 130 do Regimento Interno, a devolução à Comissão de Constituição e Justiça e de Cidadania - CCJC - do parecer por ela proferido ao apreciar o PL 3.123 (teto remuneratório dos agentes políticos e públicos), pois a manifestação da Comissão não foi feita de forma objetiva acarretando dúvida sobre o posicionamento da CCJC acerca da constitucionalidade de alguns dos dispositivos.
"".",2121442,NA,100,"Prioridade (Art. 151, II, RICD)",1,PLEN,https://dadosabertos.camara.leg.br/api/v2/orgaos/180,http://www.camara.gov.br/proposicoesWeb/prop_mostrarintegra?codteor=1443883,iniciativa,NA,CD-MESA-PLEN,Apresentação
2016-12-14T00:00:00Z,NA,Recebimento,"Recebido o ofício nº 1403/2016, do Senado Federal, que submete à revisão da Câmara dos Deputados, nos termos do art. 65 da Constituição Federal, o Projeto de Lei do Senado nº 449, de 2016, de autoria da Comissão Especial do Extrateto (SF), constante dos autógrafos em anexo, que ""Regulamenta o limite remuneratório de que tratam o inciso XI e os §§ 9º e 11 do art. 37 da Constituição Federal"".
",2121442,NA,500,"Prioridade (Art. 151, II, RICD)",2,MESA,https://dadosabertos.camara.leg.br/api/v2/orgaos/4,http://www.camara.gov.br/proposicoesWeb/prop_mostrarintegra?codteor=1517937,recebimento,NA,CD-MESA-PLEN,Apresentação
2016-12-14T22:16:00Z,NA,Apresentação de Proposição,"Apresentação do Projeto de Lei n. 6726/2016, pelo Senado Federal, que: ""Regulamenta o limite remuneratório de que tratam o inciso XI e os §§ 9º e 11 do art. 37 da Constituição Federal"".",2121442,NA,100,"Prioridade (Art. 151, II, RICD)",3,PLEN,https://dadosabertos.camara.leg.br/api/v2/orgaos/180,http://www.camara.gov.br/proposicoesWeb/prop_mostrarintegra?codteor=1517935,iniciativa,NA,CD-MESA-PLEN,Apresentação
2016-12-14T22:16:00Z,NA,Notificação de Encaminhamento Fora de Fluxo,Realizar o Encaminhamento para SEPRO,2121442,NA,910,"Prioridade (Art. 151, II, RICD)",5,SEPRO,https://dadosabertos.camara.leg.br/api/v2/orgaos/100229,NA,recebimento,NA,CD-MESA-PLEN,Apresentação
2016-12-14T22:19:00Z,NA,Notificação (CeDi) - Legislação Citada,Encaminhado  à CEDI (Legislação Citada),2121442,NA,1004,"Prioridade (Art. 151, II, RICD)",4,CEDI,https://dadosabertos.camara.leg.br/api/v2/orgaos/100046,NA,iniciativa,NA,CD-MESA-PLEN,Apresentação
2016-12-15T00:00:00Z,NA,Distribuição ,Despacho a Confirmar.,2121442,NA,110,"Prioridade (Art. 151, II, RICD)",8,MESA,https://dadosabertos.camara.leg.br/api/v2/orgaos/4,http://www.camara.gov.br/proposicoesWeb/prop_mostrarintegra?codteor=1517992,iniciativa,NA,CD-MESA-PLEN,Apresentação
2016-12-15T00:00:00Z,NA,Publicação de Proposição,Encaminhada à publicação. Publicação Inicial em avulso e no DCD de 16/12/16 PÁG 152 COL 01.,2121442,NA,604,"Prioridade (Art. 151, II, RICD)",15,CCP,https://dadosabertos.camara.leg.br/api/v2/orgaos/186,http://www.camara.gov.br/proposicoesWeb/prop_mostrarintegra?codteor=1542989,iniciativa,NA,CD-MESA-PLEN,Apresentação
2016-12-15T08:33:00Z,NA,Encaminhamento,Encaminhado à(ao) SECAP(SGM) através da guia de Remessa (GR/SEPRO) nº 3756/2016.,2121442,NA,180,"Prioridade (Art. 151, II, RICD)",6,SEPRO,https://dadosabertos.camara.leg.br/api/v2/orgaos/100229,NA,encaminhamento,NA,CD-MESA-PLEN,Apresentação
2016-12-15T09:37:00Z,NA,Recebimento,Recebimento pela SECAP(SGM).,2121442,NA,500,"Prioridade (Art. 151, II, RICD)",7,SECAP(SGM),https://dadosabertos.camara.leg.br/api/v2/orgaos/100001,NA,recebimento,NA,CD-MESA-PLEN,Apresentação
2016-12-15T10:39:00Z,NA,Encaminhamento,Despacho Chancelado,2121442,NA,180,"Prioridade (Art. 151, II, RICD)",9,SECAP(SGM),https://dadosabertos.camara.leg.br/api/v2/orgaos/100001,NA,encaminhamento,NA,CD-MESA-PLEN,Apresentação
2016-12-15T10:39:00Z,NA,Notificações,Notificação à Sinopse de Despacho Chancelado,2121442,NA,1005,"Prioridade (Art. 151, II, RICD)",10,SECAP(SGM),https://dadosabertos.camara.leg.br/api/v2/orgaos/100001,NA,encaminhamento,NA,CD-MESA-PLEN,Apresentação
2016-12-15T10:39:00Z,NA,Distribuição ,"Às Comissões de Trabalho, de Administração e Serviço Público; Finanças e Tributação (Mérito e Art. 54, RICD) e Constituição e Justiça e de Cidadania (Art. 54 RICD)Proposição Sujeita à Apreciação do Plenário. Regime de Tramitação: Prioridade (Art. 151, II, RICD)",2121442,NA,110,"Prioridade (Art. 151, II, RICD)",11,MESA,https://dadosabertos.camara.leg.br/api/v2/orgaos/4,http://www.camara.gov.br/proposicoesWeb/prop_mostrarintegra?codteor=1517992,encaminhamento,NA,CD-MESA-PLEN,Apresentação
2016-12-15T10:39:00Z,NA,Publicação de Proposição,Encaminhamento de Despacho de Distribuição à CCP para publicação.,2121442,NA,604,"Prioridade (Art. 151, II, RICD)",12,MESA,https://dadosabertos.camara.leg.br/api/v2/orgaos/4,NA,encaminhamento,NA,CD-MESA-PLEN,Apresentação
2016-12-15T10:40:00Z,NA,Encaminhamento,Encaminhado à(ao) CCP através da guia de Remessa (GR/SECAP(SGM)) nº 859/2016.,2121442,NA,180,"Prioridade (Art. 151, II, RICD)",13,SECAP(SGM),https://dadosabertos.camara.leg.br/api/v2/orgaos/100001,NA,encaminhamento,NA,CD-MESA-PLEN,Apresentação
2016-12-15T10:46:00Z,NA,Recebimento,Recebimento pela CCP.,2121442,NA,500,"Prioridade (Art. 151, II, RICD)",14,CCP,https://dadosabertos.camara.leg.br/api/v2/orgaos/186,NA,recebimento,NA,CD-MESA-PLEN,Apresentação
2016-12-15T12:16:00Z,NA,Encaminhamento,Encaminhado à(ao) CTASP através da guia de Remessa (GR/CCP) nº 8638/2016.,2121442,NA,180,"Prioridade (Art. 151, II, RICD)",16,CCP,https://dadosabertos.camara.leg.br/api/v2/orgaos/186,NA,encaminhamento,NA,CD-MESA-PLEN,Apresentação
2016-12-15T15:33:00Z,NA,Recebimento,Recebimento pela CTASP.,2121442,NA,500,"Prioridade (Art. 151, II, RICD)",17,CTASP,https://dadosabertos.camara.leg.br/api/v2/orgaos/2015,NA,recebimento,NA,CTASP,Comissões
2017-03-13T16:02:00Z,NA,Apresentação de Requerimento,"Apresentação do Requerimento de Apensação n. 6060/2017, pelo Deputado Pastor Eurico (PHS-PE), que: ""Requer a apensação do PL nº 3.123, de 2015, ao PL nº 6.726 de 2016, para que tramitem em conjunto"".",2121442,NA,194,"Prioridade (Art. 151, II, RICD)",18,PLEN,https://dadosabertos.camara.leg.br/api/v2/orgaos/180,http://www.camara.gov.br/proposicoesWeb/prop_mostrarintegra?codteor=1532625,recebimento,requerimento_apensacao,CTASP,Comissões
2017-03-16T00:00:00Z,NA,Apresentação de Proposição,"Apresentação da Reclamação n. 2/2016, pelo Deputado Arnaldo Faria de Sá (PTB-SP), que: ""Solicita, com fundamento no parágrafo único do art. 130 do Regimento Interno, a devolução à Comissão de Constituição e Justiça e de Cidadania - CCJC - do parecer por ela proferido ao apreciar o PL 3.123 (teto remuneratório dos agentes políticos e públicos), pois a manifestação da Comissão não foi feita de forma objetiva acarretando dúvida sobre o posicionamento da CCJC acerca da constitucionalidade de alguns dos dispositivos.
"".",2121442,NA,100,"Prioridade (Art. 151, II, RICD)",19,MESA,https://dadosabertos.camara.leg.br/api/v2/orgaos/4,NA,iniciativa,NA,CTASP,Comissões
2017-03-21T00:00:00Z,NA,Notificação de Despacho,"Indeferido o Requerimento n. 6.060/2017, conforme despacho do seguinte teor: ""Indefiro o Requerimento n. 6.060/2017, com fundamento no parágrafo único do art. 142 do RICD, por ser intempestivo. Publique-se. Oficie-se"".",2121442,NA,203,"Prioridade (Art. 151, II, RICD)",20,MESA,https://dadosabertos.camara.leg.br/api/v2/orgaos/4,NA,iniciativa,NA,CTASP,Comissões
2017-04-18T15:07:00Z,NA,Apresentação de Requerimento,"Apresentação do Requerimento de Redistribuição n. 6274/2017, pelo Deputado Pastor Eurico (PHS-PE), que: ""Requer a redistribuição do Projeto de Lei nº 6.726, de 2016, para a Comissão de Seguridade Social e Família"".",2121442,NA,194,"Prioridade (Art. 151, II, RICD)",21,PLEN,https://dadosabertos.camara.leg.br/api/v2/orgaos/180,http://www.camara.gov.br/proposicoesWeb/prop_mostrarintegra?codteor=1545781,iniciativa,requerimento_redistribuicao,CTASP,Comissões
2017-05-04T00:00:00Z,NA,Notificação de Despacho,"Indeferido o Requerimento nº 6.274/2017, conforme despacho do seguinte teor: ""Indefiro o Requerimento n. 6.274/2017, porque a matéria versada no Projeto de Lei n. 6.726/2016 não se enquadra no campo temático da Comissão de Seguridade Social e Família, delimitado no inciso XVII do art. 32 do RICD. Publique-se. Oficie-se"".",2121442,NA,203,"Prioridade (Art. 151, II, RICD)",22,MESA,https://dadosabertos.camara.leg.br/api/v2/orgaos/4,NA,iniciativa,NA,CTASP,Comissões
2017-05-09T11:55:00Z,NA,Apresentação de Requerimento,"Apresentação do Requerimento de Redistribuição n. 6408/2017, pelo Deputado Subtenente Gonzaga (PDT-MG), que: ""Requer a redistribuição do Projeto de Lei nº 6.726, de 2016, para a Comissão Segurança Pública e Combate ao Crime Organizado.

"".",2121442,NA,194,"Prioridade (Art. 151, II, RICD)",23,PLEN,https://dadosabertos.camara.leg.br/api/v2/orgaos/180,http://www.camara.gov.br/proposicoesWeb/prop_mostrarintegra?codteor=1555092,iniciativa,requerimento_redistribuicao,CTASP,Comissões
2017-05-19T00:00:00Z,NA,Notificação de Despacho,"Indeferido o Requerimento n. 6.408/2017, conforme despacho do seguinte teor: ""Indefiro o Requerimento n. 6.408/2017, porque a matéria versada no Projeto de Lei n. 6.726/2016 não se enquadra no campo temático da Comissão de Segurança Pública e Combate ao Crime Organizado, delimitado no inciso XVI do art. 32 do RICD. Publique-se. Oficie-se."".",2121442,NA,203,"Prioridade (Art. 151, II, RICD)",24,MESA,https://dadosabertos.camara.leg.br/api/v2/orgaos/4,NA,iniciativa,NA,CTASP,Comissões
2017-07-19T00:00:00Z,NA,Notificações,À CTASP cópia do Ofício n. 395/2017 - Ministério Público de São Paulo,2121442,NA,1005,"Prioridade (Art. 151, II, RICD)",25,CCP,https://dadosabertos.camara.leg.br/api/v2/orgaos/186,http://www.camara.gov.br/proposicoesWeb/prop_mostrarintegra?codteor=1580675,iniciativa,NA,CTASP,Comissões
2017-08-15T00:00:00Z,NA,Distribuição ,Despacho a Confirmar.,2121442,NA,110,"Prioridade (Art. 151, II, RICD)",27,MESA,https://dadosabertos.camara.leg.br/api/v2/orgaos/4,http://www.camara.gov.br/proposicoesWeb/prop_mostrarintegra?codteor=1586738,iniciativa,NA,CTASP,Comissões
2017-08-15T00:00:00Z,NA,Distribuição ,"Despacho exarado no PL n. 6.726,2016, conforme o seguinte teor: Revejo o despacho inicial aposto ao Projeto de Lei n. 6.726/2016, para incluir o exame de mérito pelas Comissões de Seguridade Social e Família e de Constituição e Justiça e de Cidadania. Por versar a referida proposição matéria de competência de mais de três Comissões de mérito, consoante o disposto no art. 34, II, do RICD, decido pela criação de Comissão Especial. Publique-se. [ATUALIZAÇÃO DO DESPACHO DO PL n. 6.726/2016: À CSSF, à CTASP, à CFT (mérito e art. 54 do RICD) e à CCJC (mérito e art. 54 do RICD) – Proposição sujeita à 
apreciação do Plenário. Regime de tramitação: Prioridade]"".
DCD de 16/08/17 PÁG 540 COL 01.",2121442,NA,110,"Prioridade (Art. 151, II, RICD)",29,MESA,https://dadosabertos.camara.leg.br/api/v2/orgaos/4,http://www.camara.gov.br/proposicoesWeb/prop_mostrarintegra?codteor=1586738,iniciativa,NA,CTASP,Comissões
2017-08-15T00:00:00Z,NA,Criação de Comissão Temporária,"Ato da Presidência: Cria Comissão Especial, nos termos do inciso II do art. 34 do Regimento Interno.",2121442,NA,120,"Prioridade (Art. 151, II, RICD)",31,PLEN,https://dadosabertos.camara.leg.br/api/v2/orgaos/180,http://www.camara.gov.br/proposicoesWeb/prop_mostrarintegra?codteor=1586793,iniciativa,criacao_comissao_temporaria,CTASP,Comissões
2017-08-15T16:49:00Z,NA,Apresentação de Requerimento,"Apresentação do Requerimento de Urgência (Art. 155 do RICD) n. 7015/2017, pelo Deputado Rubens Bueno (PPS-PR), que: ""Requer regime de urgência para apreciação do Projeto de Lei nº 6726, de 2016, que 'Regulamenta o limite remuneratório de que tratam o inciso XI e os §§ 9º e 11 da Constituição Federal' - extrateto"".",2121442,NA,194,"Prioridade (Art. 151, II, RICD)",26,PLEN,https://dadosabertos.camara.leg.br/api/v2/orgaos/180,http://www.camara.gov.br/proposicoesWeb/prop_mostrarintegra?codteor=1586530,iniciativa,requerimento_urgencia,CTASP,Comissões
2017-08-15T19:01:00Z,NA,Encaminhamento,Despacho Chancelado,2121442,NA,180,"Prioridade (Art. 151, II, RICD)",28,MESA,https://dadosabertos.camara.leg.br/api/v2/orgaos/4,NA,encaminhamento,NA,CTASP,Comissões
2017-08-15T19:02:00Z,NA,Publicação de Proposição,Encaminhamento de Despacho de Distribuição à CCP para publicação.,2121442,NA,604,"Prioridade (Art. 151, II, RICD)",30,MESA,https://dadosabertos.camara.leg.br/api/v2/orgaos/4,NA,encaminhamento,NA,CTASP,Comissões
2017-08-16T00:00:00Z,NA,Notificações,"À CTASP, o Memo nº 162/2017, solicitando a devolução deste.",2121442,NA,1005,"Prioridade (Art. 151, II, RICD)",32,CCP,https://dadosabertos.camara.leg.br/api/v2/orgaos/186,http://www.camara.gov.br/proposicoesWeb/prop_mostrarintegra?codteor=1587261,encaminhamento,NA,CTASP,Comissões
2017-08-22T00:00:00Z,NA,Devolução à CCP,"Devolução à CCP, em razão do MEMO nº 162/17 - COPER",2121442,NA,1010,"Prioridade (Art. 151, II, RICD)",33,CTASP,https://dadosabertos.camara.leg.br/api/v2/orgaos/2015,NA,encaminhamento,NA,CTASP,Comissões
2017-08-22T12:26:00Z,NA,Encaminhamento,Encaminhado à(ao) CCP através da guia de Remessa (GR/CTASP) nº 535/2017.,2121442,NA,180,"Prioridade (Art. 151, II, RICD)",34,CTASP,https://dadosabertos.camara.leg.br/api/v2/orgaos/2015,NA,encaminhamento,NA,CTASP,Comissões
2017-08-23T08:59:00Z,NA,Recebimento,Recebimento pela CCP.,2121442,NA,500,"Prioridade (Art. 151, II, RICD)",35,CCP,https://dadosabertos.camara.leg.br/api/v2/orgaos/186,NA,recebimento,NA,CTASP,Comissões
2017-08-29T00:00:00Z,NA,Constituição de Comissão Temporária,"Ato da Presidência : Constitui Comissão Especial, nos termos do inciso II do art. 34 do Regimento Interno.
DCD de 29/08/17 PÁG 03 COL 01. Suplemento ao 148-A Edição Extra.",2121442,NA,121,"Prioridade (Art. 151, II, RICD)",36,PLEN,https://dadosabertos.camara.leg.br/api/v2/orgaos/180,http://www.camara.gov.br/proposicoesWeb/prop_mostrarintegra?codteor=1592447,recebimento,NA,CTASP,Comissões
2017-08-29T00:00:00Z,NA,Notificação de Encaminhamento Fora de Fluxo,Realizar o Encaminhamento para PL672616,2121442,NA,910,"Prioridade (Art. 151, II, RICD)",37,CCP,https://dadosabertos.camara.leg.br/api/v2/orgaos/186,NA,recebimento,NA,CTASP,Comissões
2017-08-29T17:06:00Z,Pronta para Pauta,Recebimento,Recebimento pela PL672616.,2121442,924,500,"Prioridade (Art. 151, II, RICD)",39,PL672616,https://dadosabertos.camara.leg.br/api/v2/orgaos/538067,NA,recebimento,NA,Comissão Especial,Comissões
2017-08-29T18:59:00Z,NA,Encaminhamento,Encaminhado à(ao) PL672616 através da guia de Remessa (GR/CCP) nº 11226/2017.,2121442,NA,180,"Prioridade (Art. 151, II, RICD)",38,CCP,https://dadosabertos.camara.leg.br/api/v2/orgaos/186,NA,encaminhamento,NA,Comissão Especial,Comissões
2017-09-12T00:00:00Z,Pronta para Pauta,Designação de Relator,"Designado Relator, Dep. Rubens Bueno (PPS-PR)",2121442,924,320,"Prioridade (Art. 151, II, RICD)",40,PL672616,https://dadosabertos.camara.leg.br/api/v2/orgaos/538067,NA,analise_relator,designado_relator,Comissão Especial,Comissões
2017-09-12T18:00:00Z,Pronta para Pauta,Apresentação de Requerimento,"Apresentação do Requerimento n. 1/2017, pelo Deputado Sergio Vidigal (PDT-ES), que: ""Requer a realização de audiência pública destinada a debater o Projeto de Lei n.º 6726, de 2016"".",2121442,924,194,"Prioridade (Art. 151, II, RICD)",41,PL672616,https://dadosabertos.camara.leg.br/api/v2/orgaos/538067,http://www.camara.gov.br/proposicoesWeb/prop_mostrarintegra?codteor=1596488,analise_relator,requerimento_audiencia_publica,Comissão Especial,Comissões
2017-09-12T18:53:00Z,Pronta para Pauta,Apresentação de Requerimento,"Apresentação do Requerimento n. 2/2017, pelo Deputado Rubens Bueno (PPS-PR), que: ""Requer a realização das audiências públicas que especifica"".",2121442,924,194,"Prioridade (Art. 151, II, RICD)",42,PL672616,https://dadosabertos.camara.leg.br/api/v2/orgaos/538067,http://www.camara.gov.br/proposicoesWeb/prop_mostrarintegra?codteor=1596629,analise_relator,requerimento_audiencia_publica,Comissão Especial,Comissões
2017-09-13T14:30:00Z,Pronta para Pauta,Aprovação de Requerimento,"Aprovado requerimento do Sr. Sergio Vidigal que requer a realização de audiência pública destinada a debater o Projeto de Lei n.º 6726, de 2016. ",2121442,924,195,"Prioridade (Art. 151, II, RICD)",46,PL672616,https://dadosabertos.camara.leg.br/api/v2/orgaos/538067,NA,analise_relator,aprovacao_audiencia_publica,Comissão Especial,Comissões
2017-09-13T14:30:00Z,Pronta para Pauta,Aprovação de Requerimento,Aprovado requerimento do Sr. Rubens Bueno que requer a realização das audiências públicas que especifica. ,2121442,924,195,"Prioridade (Art. 151, II, RICD)",47,PL672616,https://dadosabertos.camara.leg.br/api/v2/orgaos/538067,NA,analise_relator,aprovacao_audiencia_publica,Comissão Especial,Comissões
2017-09-13T14:53:00Z,Pronta para Pauta,Apresentação de Requerimento,"Apresentação do Requerimento de Audiência Pública n. 3/2017, pelo Deputado Marcos Rogério (DEM-RO), que: ""Requer a realização de audiência pública destinada a debater o Projeto de Lei n.º 6726, de 2016.


"".",2121442,924,194,"Prioridade (Art. 151, II, RICD)",43,PL672616,https://dadosabertos.camara.leg.br/api/v2/orgaos/538067,http://www.camara.gov.br/proposicoesWeb/prop_mostrarintegra?codteor=1597108,analise_relator,requerimento_audiencia_publica,Comissão Especial,Comissões
2017-09-13T14:53:00Z,Pronta para Pauta,Apresentação de Requerimento,"Apresentação do Requerimento de Audiência Pública n. 4/2017, pelo Deputado Marcos Rogério (DEM-RO), que: ""Requer a realização de audiência pública destinada a debater o Projeto de Lei n.º 6726, de 2016"".",2121442,924,194,"Prioridade (Art. 151, II, RICD)",44,PL672616,https://dadosabertos.camara.leg.br/api/v2/orgaos/538067,http://www.camara.gov.br/proposicoesWeb/prop_mostrarintegra?codteor=1597111,analise_relator,requerimento_audiencia_publica,Comissão Especial,Comissões
2017-09-13T15:54:00Z,Pronta para Pauta,Apresentação de Requerimento,"Apresentação do Requerimento de Audiência Pública n. 5/2017, pelo Deputado Evair Vieira de Melo (PV-ES), que: ""Requer a realização de Audiência Pública com presença de representantes do BNDES e do TCU para apresentar o plano de cargos e salários do banco e apresentar posição quanto aos pagamentos que excedem o teto constitucional"".",2121442,924,194,"Prioridade (Art. 151, II, RICD)",45,PL672616,https://dadosabertos.camara.leg.br/api/v2/orgaos/538067,http://www.camara.gov.br/proposicoesWeb/prop_mostrarintegra?codteor=1597147,analise_relator,requerimento_audiencia_publica,Comissão Especial,Comissões
2017-09-14T11:29:00Z,NA,Apresentação de Requerimento,"Apresentação do Requerimento de Prorrogação de prazo de Comissão Temporária n. 7259/2017, pela Comissão Especial destinada a proferir parecer ao Projeto de Lei nº 6726, de 2016, do Senado Federal, que ""regulamenta o limite remuneratório de que tratam o inciso XI e os §§ 9º e 11 do art. 37 da Constituição Federal"", que: ""Requer a prorrogação de prazo da Comissão Especial destinada a proferir parecer ao Projeto de Lei nº 6726, de 2016, do Senado Federal, que 'regulamenta o limite remuneratório de que tratam o inciso XI e os §§ 9º e 11 do art. 37 da Constituição Federal' - PL672616"".",2121442,NA,194,"Prioridade (Art. 151, II, RICD)",48,PLEN,https://dadosabertos.camara.leg.br/api/v2/orgaos/180,http://www.camara.gov.br/proposicoesWeb/prop_mostrarintegra?codteor=1597812,analise_relator,requerimento_prorrogacao,Comissão Especial,Comissões
2017-09-14T11:49:00Z,Pronta para Pauta,Apresentação de Requerimento,"Apresentação do Requerimento n. 6/2017, pelo Deputado Lincoln Portela (PRB-MG), que: ""Requer a inclusão de convidado em audiência pública nesta Comissão para discutir o impacto e as consequências do Projeto de Lei n.º 6726, de 2016 na sociedade"".",2121442,924,194,"Prioridade (Art. 151, II, RICD)",49,PL672616,https://dadosabertos.camara.leg.br/api/v2/orgaos/538067,http://www.camara.gov.br/proposicoesWeb/prop_mostrarintegra?codteor=1597829,analise_relator,NA,Comissão Especial,Comissões
2017-09-20T10:22:00Z,Pronta para Pauta,Apresentação de Requerimento,"Apresentação do Requerimento de Audiência Pública n. 7/2017, pelo Deputado Goulart (PSD-SP), que: ""Requer a realização de Audiência Pública para discutir o PL nº 6.726, de 2016"".",2121442,924,194,"Prioridade (Art. 151, II, RICD)",50,PL672616,https://dadosabertos.camara.leg.br/api/v2/orgaos/538067,http://www.camara.gov.br/proposicoesWeb/prop_mostrarintegra?codteor=1599726,analise_relator,requerimento_audiencia_publica,Comissão Especial,Comissões
2017-09-20T10:57:00Z,Pronta para Pauta,Apresentação de Requerimento,"Apresentação do Requerimento n. 8/2017, pelo Deputado Carlos Henrique Gaguim (PODE-TO), que: ""Requer a inclusão de participante à audiência pública solicitada pelo requerimento 2/2017, apresentado à esta Comissão"".",2121442,924,194,"Prioridade (Art. 151, II, RICD)",51,PL672616,https://dadosabertos.camara.leg.br/api/v2/orgaos/538067,http://www.camara.gov.br/proposicoesWeb/prop_mostrarintegra?codteor=1599745,analise_relator,NA,Comissão Especial,Comissões
2017-09-26T16:08:00Z,Pronta para Pauta,Apresentação de Requerimento,"Apresentação do Requerimento n. 9/2017, pela Deputada Alice Portugal (PCdoB-BA), que: ""Requer a realização de audiência pública destinada a debater o Projeto de Lei n.º 6726, de 2016, referente ao teto remuneratório no Serviço Público"".",2121442,924,194,"Prioridade (Art. 151, II, RICD)",52,PL672616,https://dadosabertos.camara.leg.br/api/v2/orgaos/538067,http://www.camara.gov.br/proposicoesWeb/prop_mostrarintegra?codteor=1601656,analise_relator,requerimento_audiencia_publica,Comissão Especial,Comissões
2017-09-26T16:08:00Z,Pronta para Pauta,Apresentação de Requerimento,"Apresentação do Requerimento n. 10/2017, pela Deputada Alice Portugal (PCdoB-BA), que: ""Requer a realização de audiência pública destinada a debater o Projeto de Lei n.º 6726, de 2016, referente ao teto remuneratório no Serviço Público"".",2121442,924,194,"Prioridade (Art. 151, II, RICD)",53,PL672616,https://dadosabertos.camara.leg.br/api/v2/orgaos/538067,http://www.camara.gov.br/proposicoesWeb/prop_mostrarintegra?codteor=1601657,analise_relator,requerimento_audiencia_publica,Comissão Especial,Comissões
2017-09-26T16:09:00Z,Pronta para Pauta,Apresentação de Requerimento,"Apresentação do Requerimento n. 11/2017, pela Deputada Alice Portugal (PCdoB-BA), que: ""Requer a realização de Audiência Pública para discutir o PL nº 6726 de 2016"".",2121442,924,194,"Prioridade (Art. 151, II, RICD)",54,PL672616,https://dadosabertos.camara.leg.br/api/v2/orgaos/538067,http://www.camara.gov.br/proposicoesWeb/prop_mostrarintegra?codteor=1601659,analise_relator,requerimento_audiencia_publica,Comissão Especial,Comissões
2017-09-26T16:09:00Z,Pronta para Pauta,Apresentação de Requerimento,"Apresentação do Requerimento n. 12/2017, pela Deputada Alice Portugal (PCdoB-BA), que: ""Requer a realização de audiência pública destinada a debater o Projeto de Lei n.º 6726, de 2016, referente ao teto remuneratório no Serviço Público"".",2121442,924,194,"Prioridade (Art. 151, II, RICD)",55,PL672616,https://dadosabertos.camara.leg.br/api/v2/orgaos/538067,http://www.camara.gov.br/proposicoesWeb/prop_mostrarintegra?codteor=1601660,analise_relator,requerimento_audiencia_publica,Comissão Especial,Comissões
2017-09-26T16:09:00Z,Pronta para Pauta,Apresentação de Requerimento,"Apresentação do Requerimento n. 13/2017, pela Deputada Alice Portugal (PCdoB-BA), que: ""Requer a realização de audiência pública destinada a debater o Projeto de Lei n.º 6726, de 2016, referente ao teto remuneratório no Serviço Público"".",2121442,924,194,"Prioridade (Art. 151, II, RICD)",56,PL672616,https://dadosabertos.camara.leg.br/api/v2/orgaos/538067,http://www.camara.gov.br/proposicoesWeb/prop_mostrarintegra?codteor=1601661,analise_relator,requerimento_audiencia_publica,Comissão Especial,Comissões
2017-09-26T16:10:00Z,Pronta para Pauta,Apresentação de Requerimento,"Apresentação do Requerimento n. 14/2017, pela Deputada Alice Portugal (PCdoB-BA), que: ""Requer a realização de audiência pública destinada a debater o Projeto de Lei n.º 6726, de 2016, referente ao teto remuneratório no Serviço Público"".",2121442,924,194,"Prioridade (Art. 151, II, RICD)",57,PL672616,https://dadosabertos.camara.leg.br/api/v2/orgaos/538067,http://www.camara.gov.br/proposicoesWeb/prop_mostrarintegra?codteor=1601662,analise_relator,requerimento_audiencia_publica,Comissão Especial,Comissões
2017-09-27T15:27:00Z,Pronta para Pauta,Apresentação de Requerimento,"Apresentação do Requerimento n. 15/2017, pelo Deputado Rogério Rosso (PSD-DF), que: ""Requer a inclusão de convidado em audiência pública nesta Comissão para discutir o Projeto de Lei nº 6.726, de 2016 e seu impacto na sociedade"".",2121442,924,194,"Prioridade (Art. 151, II, RICD)",58,PL672616,https://dadosabertos.camara.leg.br/api/v2/orgaos/538067,http://www.camara.gov.br/proposicoesWeb/prop_mostrarintegra?codteor=1602295,analise_relator,NA,Comissão Especial,Comissões
2017-09-27T18:38:00Z,Pronta para Pauta,Apresentação de Requerimento,"Apresentação do Requerimento de Audiência Pública n. 16/2017, pelo Deputado Goulart (PSD-SP), que: ""Requer a realização de Audiência Pública para discutir o PL nº 6.726, de 2016"".",2121442,924,194,"Prioridade (Art. 151, II, RICD)",59,PL672616,https://dadosabertos.camara.leg.br/api/v2/orgaos/538067,http://www.camara.gov.br/proposicoesWeb/prop_mostrarintegra?codteor=1602627,analise_relator,requerimento_audiencia_publica,Comissão Especial,Comissões
2017-10-04T10:07:00Z,NA,Apresentação de Requerimento,"Apresentação do Requerimento de Prorrogação de prazo de Comissão Temporária n. 7381/2017, pela Comissão Especial destinada a proferir parecer ao Projeto de Lei nº 6726, de 2016, do Senado Federal, que ""regulamenta o limite remuneratório de que tratam o inciso XI e os §§ 9º e 11 do art. 37 da Constituição Federal"", que: ""Requer a prorrogação de prazo da Comissão Especial destinada a proferir parecer ao Projeto de Lei nº 6726, de 2016, do Senado Federal, que 'regulamenta o limite remuneratório de que tratam o inciso XI e os §§ 9º e 11 do art. 37 da Constituição Federal' - PL672616"".",2121442,NA,194,"Prioridade (Art. 151, II, RICD)",60,PLEN,https://dadosabertos.camara.leg.br/api/v2/orgaos/180,http://www.camara.gov.br/proposicoesWeb/prop_mostrarintegra?codteor=1604467,analise_relator,requerimento_prorrogacao,Comissão Especial,Comissões
2017-10-04T14:35:00Z,Pronta para Pauta,Apresentação de Requerimento,"Apresentação do Requerimento n. 17/2017, pelo Deputado Rubens Bueno (PPS-PR), que: ""Requer a inclusão de participante à audiência pública, a ser feita por essa comissão"".",2121442,924,194,"Prioridade (Art. 151, II, RICD)",61,PL672616,https://dadosabertos.camara.leg.br/api/v2/orgaos/538067,http://www.camara.gov.br/proposicoesWeb/prop_mostrarintegra?codteor=1604633,analise_relator,NA,Comissão Especial,Comissões
2017-10-04T15:54:00Z,Pronta para Pauta,Apresentação de Requerimento,"Apresentação do Requerimento n. 18/2017, pela Deputada Alice Portugal (PCdoB-BA), que: ""Requer a inclusão de entidade para participar de audiência pública destinada a debater o Projeto de Lei n.º 6726, de 2016, referente ao teto remuneratório no Serviço Público"".",2121442,924,194,"Prioridade (Art. 151, II, RICD)",62,PL672616,https://dadosabertos.camara.leg.br/api/v2/orgaos/538067,http://www.camara.gov.br/proposicoesWeb/prop_mostrarintegra?codteor=1604779,analise_relator,NA,Comissão Especial,Comissões
2017-10-09T17:46:00Z,Pronta para Pauta,Apresentação de Requerimento,"Apresentação do Requerimento n. 19/2017, pelo Deputado Andre Moura (PSC-SE), que: ""Requer a inclusão da Associação Nacional dos Procuradores Municipais - ANPM  em audiência pública, a ser feita por essa comissão"".",2121442,924,194,"Prioridade (Art. 151, II, RICD)",63,PL672616,https://dadosabertos.camara.leg.br/api/v2/orgaos/538067,http://www.camara.gov.br/proposicoesWeb/prop_mostrarintegra?codteor=1607152,analise_relator,NA,Comissão Especial,Comissões
2017-10-17T14:44:00Z,Pronta para Pauta,Apresentação de Requerimento,"Apresentação do Requerimento n. 20/2017, pelo Deputado Carlos Sampaio (PSDB-SP), que: ""Requer a inclusão da Associação Nacional dos Procuradores Municipais - ANPM em Audiência Pública a sr feita por essa Comissão"".",2121442,924,194,"Prioridade (Art. 151, II, RICD)",64,PL672616,https://dadosabertos.camara.leg.br/api/v2/orgaos/538067,http://www.camara.gov.br/proposicoesWeb/prop_mostrarintegra?codteor=1609894,analise_relator,NA,Comissão Especial,Comissões
2017-10-23T15:53:00Z,Pronta para Pauta,Apresentação de Requerimento,"Apresentação do Requerimento de Audiência Pública n. 21/2017, pelo Deputado Rubens Bueno (PPS-PR), que: ""Requer a realização de audiência pública no âmbito da Comissão Especial com o Desembargador do Tribunal de Justiça do Rio de Janeiro Siro Darlan, para debater o limite remuneratório constitucional"".",2121442,924,194,"Prioridade (Art. 151, II, RICD)",65,PL672616,https://dadosabertos.camara.leg.br/api/v2/orgaos/538067,http://www.camara.gov.br/proposicoesWeb/prop_mostrarintegra?codteor=1613262,analise_relator,requerimento_audiencia_publica,Comissão Especial,Comissões
2017-10-24T15:43:00Z,Pronta para Pauta,Apresentação de Requerimento,"Apresentação do Requerimento n. 22/2017, pela Deputada Alice Portugal (PCdoB-BA), que: ""Requer a realização de audiência pública destinada a debater o Projeto de Lei n.º 6726, de 2016, referente ao teto remuneratório no Serviço Público"".",2121442,924,194,"Prioridade (Art. 151, II, RICD)",66,PL672616,https://dadosabertos.camara.leg.br/api/v2/orgaos/538067,http://www.camara.gov.br/proposicoesWeb/prop_mostrarintegra?codteor=1613670,analise_relator,requerimento_audiencia_publica,Comissão Especial,Comissões
2017-10-25T16:38:00Z,Pronta para Pauta,Apresentação de Requerimento,"Apresentação do Requerimento de Audiência Pública n. 23/2017, pelo Deputado Rubens Bueno (PPS-PR), que: ""Requer a realização de audiência pública no âmbito da Comissão Especial com o ex-Procurador-Geral da República Claudio Lemos Fonteles, para debater o limite remuneratório constitucional"".",2121442,924,194,"Prioridade (Art. 151, II, RICD)",67,PL672616,https://dadosabertos.camara.leg.br/api/v2/orgaos/538067,http://www.camara.gov.br/proposicoesWeb/prop_mostrarintegra?codteor=1614259,analise_relator,requerimento_audiencia_publica,Comissão Especial,Comissões
2017-10-26T00:00:00Z,NA,Notificações,"Decisão da Presidência exarada na Reclamação n. 2/2016: ""(......) Ante o exposto, julgo procedente a Reclamação formulada pelo Senhor Deputado Arnaldo Faria de Sá para declarar a nulidade do parecer ao Projeto de Lei n. 3.123/2015 proferido pela CCJC em 24 de novembro de 2015 e de todos os atos subsequentes praticados no âmbito do Plenário. Por oportuno, determino a apensação do Projeto de Lei n. 3.123/2015 ao Projeto de Lei n. 6.726/2016, nos termos do art. 142, caput, combinado com o art. 143, II, “a”, do Regimento Interno da Câmara. Publique-se"".)",2121442,NA,1005,"Prioridade (Art. 151, II, RICD)",69,MESA,https://dadosabertos.camara.leg.br/api/v2/orgaos/4,NA,analise_relator,NA,Comissão Especial,Comissões
2017-10-26T00:00:00Z,Pronta para Pauta,Notificação de Apensação,Apensação do PL 3123/2015 a esta proposição.,2121442,924,504,"Prioridade (Art. 151, II, RICD)",70,PL672616,https://dadosabertos.camara.leg.br/api/v2/orgaos/538067,NA,analise_relator,NA,Comissão Especial,Comissões
2017-10-26T16:53:00Z,NA,Notificação de Apensação,Apense-se a este(a) o(a) PL-3123/2015.,2121442,NA,504,"Prioridade (Art. 151, II, RICD)",68,MESA,https://dadosabertos.camara.leg.br/api/v2/orgaos/4,http://www.camara.gov.br/proposicoesWeb/prop_mostrarintegra?codteor=1614932,analise_relator,NA,Comissão Especial,Comissões
2017-10-31T13:55:00Z,NA,Apresentação de Requerimento,"Apresentação do Requerimento de Prorrogação de prazo de Comissão Temporária n. 7579/2017, pela Comissão Especial destinada a proferir parecer ao Projeto de Lei nº 6726, de 2016, do Senado Federal, que ""regulamenta o limite remuneratório de que tratam o inciso XI e os §§ 9º e 11 do art. 37 da Constituição Federal"", que: ""Requer a prorrogação de prazo da Comissão Especial destinada a proferir parecer ao Projeto de Lei nº 6726, de 2016, do Senado Federal, que 'regulamenta o limite remuneratório de que tratam o inciso XI e os §§ 9º e 11 do art. 37 da Constituição Federal' - PL672616"".",2121442,NA,194,"Prioridade (Art. 151, II, RICD)",71,PLEN,https://dadosabertos.camara.leg.br/api/v2/orgaos/180,http://www.camara.gov.br/proposicoesWeb/prop_mostrarintegra?codteor=1616475,analise_relator,requerimento_prorrogacao,Comissão Especial,Comissões
2017-11-06T16:17:00Z,Pronta para Pauta,Apresentação de Requerimento,"Apresentação do Requerimento de Audiência Pública n. 24/2017, pelo Deputado Rubens Bueno (PPS-PR), que: ""Requer a realização de audiência pública no âmbito da Comissão Especial com o Desembargador Federal Fábio Prieto, para debater o limite remuneratório constitucional"".",2121442,924,194,"Prioridade (Art. 151, II, RICD)",72,PL672616,https://dadosabertos.camara.leg.br/api/v2/orgaos/538067,http://www.camara.gov.br/proposicoesWeb/prop_mostrarintegra?codteor=1617603,analise_relator,requerimento_audiencia_publica,Comissão Especial,Comissões
2017-11-07T14:29:00Z,Pronta para Pauta,Apresentação de Requerimento,"Apresentação do Requerimento de Audiência Pública n. 25/2017, pelo Deputado Chico Alencar (PSOL-RJ), que: ""Requer seja realizada Audiência Pública da Comissão Especial a fim de conhecer melhor as nuances do texto constitucional no que tange ao teto remuneratório do serviço público"".",2121442,924,194,"Prioridade (Art. 151, II, RICD)",73,PL672616,https://dadosabertos.camara.leg.br/api/v2/orgaos/538067,http://www.camara.gov.br/proposicoesWeb/prop_mostrarintegra?codteor=1618210,analise_relator,NA,Comissão Especial,Comissões
2017-11-07T14:30:00Z,Pronta para Pauta,Aprovação de Requerimento,"Aprovado requerimento do Sr. Marcos Rogério que requer a realização de audiência pública destinada a debater o Projeto de Lei n.º 6726, de 2016.


",2121442,924,195,"Prioridade (Art. 151, II, RICD)",74,PL672616,https://dadosabertos.camara.leg.br/api/v2/orgaos/538067,NA,analise_relator,aprovacao_audiencia_publica,Comissão Especial,Comissões
2017-11-07T14:30:00Z,Pronta para Pauta,Aprovação de Requerimento,Aprovado requerimento do Sr. Evair Vieira de Melo que requer a realização de Audiência Pública com presença de representantes do BNDES e do TCU para apresentar o plano de cargos e salários do banco e apresentar posição quanto aos pagamentos que excedem o teto constitucional.,2121442,924,195,"Prioridade (Art. 151, II, RICD)",75,PL672616,https://dadosabertos.camara.leg.br/api/v2/orgaos/538067,NA,analise_relator,aprovacao_audiencia_publica,Comissão Especial,Comissões
2017-11-07T14:30:00Z,Pronta para Pauta,Aprovação de Requerimento,"Aprovado requerimento do Sr. Goulart que requer a realização de Audiência Pública para discutir o PL nº 6.726, de 2016.",2121442,924,195,"Prioridade (Art. 151, II, RICD)",76,PL672616,https://dadosabertos.camara.leg.br/api/v2/orgaos/538067,NA,analise_relator,aprovacao_audiencia_publica,Comissão Especial,Comissões
2017-11-07T14:30:00Z,Pronta para Pauta,Aprovação de Requerimento,"Aprovado requerimento do Sr. Carlos Henrique Gaguim que requer a inclusão de participante à audiência pública solicitada pelo requerimento 2/2017, apresentado à esta Comissão.",2121442,924,195,"Prioridade (Art. 151, II, RICD)",77,PL672616,https://dadosabertos.camara.leg.br/api/v2/orgaos/538067,NA,analise_relator,NA,Comissão Especial,Comissões
2017-11-07T14:30:00Z,Pronta para Pauta,Aprovação de Requerimento,"Aprovado requerimento da Sra. Alice Portugal que requer a realização de audiência pública destinada a debater o Projeto de Lei n.º 6726, de 2016, referente ao teto remuneratório no Serviço Público. ",2121442,924,195,"Prioridade (Art. 151, II, RICD)",78,PL672616,https://dadosabertos.camara.leg.br/api/v2/orgaos/538067,NA,analise_relator,aprovacao_audiencia_publica,Comissão Especial,Comissões
2017-11-07T14:30:00Z,Pronta para Pauta,Aprovação de Requerimento,"Aprovado requerimento da Sra. Alice Portugal que requer a realização de audiência pública destinada a debater o Projeto de Lei n.º 6726, de 2016, referente ao teto remuneratório no Serviço Público. ",2121442,924,195,"Prioridade (Art. 151, II, RICD)",79,PL672616,https://dadosabertos.camara.leg.br/api/v2/orgaos/538067,NA,analise_relator,aprovacao_audiencia_publica,Comissão Especial,Comissões
2017-11-07T14:30:00Z,Pronta para Pauta,Aprovação de Requerimento,Aprovado requerimento da Sra. Alice Portugal que requer a realização de Audiência Pública para discutir o PL nº 6726 de 2016.,2121442,924,195,"Prioridade (Art. 151, II, RICD)",80,PL672616,https://dadosabertos.camara.leg.br/api/v2/orgaos/538067,NA,analise_relator,aprovacao_audiencia_publica,Comissão Especial,Comissões
2017-11-07T14:30:00Z,Pronta para Pauta,Aprovação de Requerimento,"Aprovado requerimento da Sra. Alice Portugal que requer a realização de audiência pública destinada a debater o Projeto de Lei n.º 6726, de 2016, referente ao teto remuneratório no Serviço Público. ",2121442,924,195,"Prioridade (Art. 151, II, RICD)",81,PL672616,https://dadosabertos.camara.leg.br/api/v2/orgaos/538067,NA,analise_relator,aprovacao_audiencia_publica,Comissão Especial,Comissões
2017-11-07T14:30:00Z,Pronta para Pauta,Aprovação de Requerimento,"Aprovado requerimento da Sra. Alice Portugal que requer a realização de audiência pública destinada a debater o Projeto de Lei n.º 6726, de 2016, referente ao teto remuneratório no Serviço Público. ",2121442,924,195,"Prioridade (Art. 151, II, RICD)",82,PL672616,https://dadosabertos.camara.leg.br/api/v2/orgaos/538067,NA,analise_relator,aprovacao_audiencia_publica,Comissão Especial,Comissões
2017-11-07T14:30:00Z,Pronta para Pauta,Aprovação de Requerimento,"Aprovado requerimento do Sr. Rogério Rosso que requer a inclusão de convidado em audiência pública nesta Comissão para discutir o Projeto de Lei nº 6.726, de 2016 e seu impacto na sociedade.",2121442,924,195,"Prioridade (Art. 151, II, RICD)",83,PL672616,https://dadosabertos.camara.leg.br/api/v2/orgaos/538067,NA,analise_relator,NA,Comissão Especial,Comissões
2017-11-07T14:30:00Z,Pronta para Pauta,Aprovação de Requerimento,"Aprovado requerimento do Sr. Goulart que requer a realização de Audiência Pública para discutir o PL nº 6.726, de 2016.",2121442,924,195,"Prioridade (Art. 151, II, RICD)",84,PL672616,https://dadosabertos.camara.leg.br/api/v2/orgaos/538067,NA,analise_relator,aprovacao_audiencia_publica,Comissão Especial,Comissões
2017-11-07T14:30:00Z,Pronta para Pauta,Aprovação de Requerimento,"Aprovado requerimento do Sr. Rubens Bueno que requer a inclusão de participante à audiência pública, a ser feita por essa comissão.",2121442,924,195,"Prioridade (Art. 151, II, RICD)",85,PL672616,https://dadosabertos.camara.leg.br/api/v2/orgaos/538067,NA,analise_relator,NA,Comissão Especial,Comissões
2017-11-07T14:30:00Z,Pronta para Pauta,Aprovação de Requerimento,"Aprovado requerimento da Sra. Alice Portugal que requer a inclusão de entidade para participar de audiência pública destinada a debater o Projeto de Lei n.º 6726, de 2016, referente ao teto remuneratório no Serviço Público. ",2121442,924,195,"Prioridade (Art. 151, II, RICD)",86,PL672616,https://dadosabertos.camara.leg.br/api/v2/orgaos/538067,NA,analise_relator,NA,Comissão Especial,Comissões
2017-11-07T14:30:00Z,Pronta para Pauta,Aprovação de Requerimento,"Aprovado requerimento do Sr. Andre Moura que requer a inclusão da Associação Nacional dos Procuradores Municipais - ANPM  em audiência pública, a ser feita por essa comissão.",2121442,924,195,"Prioridade (Art. 151, II, RICD)",87,PL672616,https://dadosabertos.camara.leg.br/api/v2/orgaos/538067,NA,analise_relator,NA,Comissão Especial,Comissões
2017-11-07T14:30:00Z,Pronta para Pauta,Aprovação de Requerimento,Aprovado requerimento do Sr. Carlos Sampaio que requer a inclusão da Associação Nacional dos Procuradores Municipais - ANPM em Audiência Pública a sr feita por essa Comissão.,2121442,924,195,"Prioridade (Art. 151, II, RICD)",88,PL672616,https://dadosabertos.camara.leg.br/api/v2/orgaos/538067,NA,analise_relator,NA,Comissão Especial,Comissões
2017-11-07T14:30:00Z,Pronta para Pauta,Aprovação de Requerimento,"Aprovado requerimento do Sr. Rubens Bueno que requer a realização de audiência pública no âmbito da Comissão Especial com o Desembargador do Tribunal de Justiça do Rio de Janeiro Siro Darlan, para debater o limite remuneratório constitucional.",2121442,924,195,"Prioridade (Art. 151, II, RICD)",89,PL672616,https://dadosabertos.camara.leg.br/api/v2/orgaos/538067,NA,analise_relator,aprovacao_audiencia_publica,Comissão Especial,Comissões
2017-11-07T14:30:00Z,Pronta para Pauta,Aprovação de Requerimento,"Aprovado requerimento da Sra. Alice Portugal que requer a realização de audiência pública destinada a debater o Projeto de Lei n.º 6726, de 2016, referente ao teto remuneratório no Serviço Público. ",2121442,924,195,"Prioridade (Art. 151, II, RICD)",90,PL672616,https://dadosabertos.camara.leg.br/api/v2/orgaos/538067,NA,analise_relator,aprovacao_audiencia_publica,Comissão Especial,Comissões
2017-11-07T14:30:00Z,Pronta para Pauta,Aprovação de Requerimento,"Aprovado requerimento do Sr. Rubens Bueno que requer a realização de audiência pública no âmbito da Comissão Especial com o ex-Procurador-Geral da República Claudio Lemos Fonteles, para debater o limite remuneratório constitucional.",2121442,924,195,"Prioridade (Art. 151, II, RICD)",91,PL672616,https://dadosabertos.camara.leg.br/api/v2/orgaos/538067,NA,analise_relator,aprovacao_audiencia_publica,Comissão Especial,Comissões
2017-11-07T14:30:00Z,Pronta para Pauta,Aprovação de Requerimento,"Aprovado requerimento do Sr. Rubens Bueno que requer a realização de audiência pública no âmbito da Comissão Especial com o Desembargador Federal Fábio Prieto, para debater o limite remuneratório constitucional.",2121442,924,195,"Prioridade (Art. 151, II, RICD)",92,PL672616,https://dadosabertos.camara.leg.br/api/v2/orgaos/538067,NA,analise_relator,aprovacao_audiencia_publica,Comissão Especial,Comissões
2017-11-29T14:08:00Z,NA,Apresentação de Requerimento,"Apresentação do Requerimento de Prorrogação de prazo de Comissão Temporária n. 7796/2017, pela Comissão Especial destinada a proferir parecer ao Projeto de Lei nº 6726, de 2016, do Senado Federal, que ""regulamenta o limite remuneratório de que tratam o inciso XI e os §§ 9º e 11 do art. 37 da Constituição Federal"", que: ""Requer a prorrogação de prazo da Comissão Especial destinada a proferir parecer ao Projeto de Lei nº 6726, de 2016, do Senado Federal, que 'regulamenta o limite remuneratório de que tratam o inciso XI e os §§ 9º e 11 do art. 37 da Constituição Federal' - PL672616"".",2121442,NA,194,"Prioridade (Art. 151, II, RICD)",93,PLEN,https://dadosabertos.camara.leg.br/api/v2/orgaos/180,http://www.camara.gov.br/proposicoesWeb/prop_mostrarintegra?codteor=1626874,analise_relator,requerimento_prorrogacao,Comissão Especial,Comissões
2017-12-13T15:33:00Z,NA,Apresentação de Requerimento,"Apresentação do Requerimento de Prorrogação de prazo de Comissão Temporária n. 7913/2017, pela Comissão Especial destinada a proferir parecer ao Projeto de Lei nº 6726, de 2016, do Senado Federal, que ""regulamenta o limite remuneratório de que tratam o inciso XI e os §§ 9º e 11 do art. 37 da Constituição Federal"", que: ""Requer a prorrogação de prazo da Comissão Especial destinada a proferir parecer ao Projeto de Lei nº 6726, de 2016, do Senado Federal, que 'regulamenta o limite remuneratório de que tratam o inciso XI e os §§ 9º e 11 do art. 37 da Constituição Federal' - PL672616"".",2121442,NA,194,"Prioridade (Art. 151, II, RICD)",94,PLEN,https://dadosabertos.camara.leg.br/api/v2/orgaos/180,http://www.camara.gov.br/proposicoesWeb/prop_mostrarintegra?codteor=1632532,analise_relator,requerimento_prorrogacao,Comissão Especial,Comissões
2018-02-27T11:38:00Z,NA,Apresentação de Requerimento,"Apresentação do Requerimento de Prorrogação de prazo de Comissão Temporária n. 8125/2018, pela Comissão Especial destinada a proferir parecer ao Projeto de Lei nº 6726, de 2016, do Senado Federal, que ""regulamenta o limite remuneratório de que tratam o inciso XI e os §§ 9º e 11 do art. 37 da Constituição Federal"", que: ""Requer a prorrogação de prazo da Comissão Especial destinada a proferir parecer ao Projeto de Lei nº 6726, de 2016, do Senado Federal, que 'regulamenta o limite remuneratório de que tratam o inciso XI e os §§ 9º e 11 do art. 37 da Constituição Federal' - PL6726/16"".",2121442,NA,194,"Prioridade (Art. 151, II, RICD)",95,PLEN,https://dadosabertos.camara.leg.br/api/v2/orgaos/180,http://www.camara.gov.br/proposicoesWeb/prop_mostrarintegra?codteor=1641497,analise_relator,requerimento_prorrogacao,Comissão Especial,Comissões
2018-03-20T09:55:00Z,NA,Apresentação de Requerimento,"Apresentação do Requerimento de Prorrogação de prazo de Comissão Temporária n. 8284/2018, pela Comissão Especial destinada a proferir parecer ao Projeto de Lei nº 6726, de 2016, do Senado Federal, que ""regulamenta o limite remuneratório de que tratam o inciso XI e os §§ 9º e 11 do art. 37 da Constituição Federal"", que: ""Requer a prorrogação de prazo da Comissão Especial destinada a proferir parecer ao Projeto de Lei nº 6726, de 2016, do Senado Federal, que 'regulamenta o limite remuneratório de que tratam o inciso XI e os §§ 9º e 11 do art. 37 da Constituição Federal' - PL6726/16.

"".",2121442,NA,194,"Prioridade (Art. 151, II, RICD)",96,PLEN,https://dadosabertos.camara.leg.br/api/v2/orgaos/180,http://www.camara.gov.br/proposicoesWeb/prop_mostrarintegra?codteor=1645680,analise_relator,requerimento_prorrogacao,Comissão Especial,Comissões
2018-04-11T09:04:00Z,NA,Apresentação de Requerimento,"Apresentação do Requerimento de Prorrogação de prazo de Comissão Temporária n. 8404/2018, pela Comissão Especial destinada a proferir parecer ao Projeto de Lei nº 6726, de 2016, do Senado Federal, que ""regulamenta o limite remuneratório de que tratam o inciso XI e os §§ 9º e 11 do art. 37 da Constituição Federal"", que: ""Requer a prorrogação de prazo da Comissão Especial destinada a proferir parecer ao Projeto de Lei nº 6726, de 2016, do Senado Federal, que 'regulamenta o limite remuneratório de que tratam o inciso XI e os §§ 9º e 11 do art. 37 da Constituição Federal' - PL6726/16.
"".",2121442,NA,194,"Prioridade (Art. 151, II, RICD)",97,PLEN,https://dadosabertos.camara.leg.br/api/v2/orgaos/180,http://www.camara.gov.br/proposicoesWeb/prop_mostrarintegra?codteor=1650208,analise_relator,requerimento_prorrogacao,Comissão Especial,Comissões
2018-05-04T15:48:00Z,NA,Apresentação de Requerimento,"Apresentação do Requerimento de Prorrogação de prazo de Comissão Temporária n. 8556/2018, pela Comissão Especial destinada a proferir parecer ao Projeto de Lei nº 6726, de 2016, do Senado Federal, que ""regulamenta o limite remuneratório de que tratam o inciso XI e os §§ 9º e 11 do art. 37 da Constituição Federal"", que: ""Requer a prorrogação de prazo da Comissão Especial destinada a proferir parecer ao Projeto de Lei nº 6726, de 2016, do Senado Federal, que 'regulamenta o limite remuneratório de que tratam o inciso XI e os §§ 9º e 11 do art. 37 da Constituição Federal' - PL6726/16.
"".",2121442,NA,194,"Prioridade (Art. 151, II, RICD)",98,PLEN,https://dadosabertos.camara.leg.br/api/v2/orgaos/180,http://www.camara.gov.br/proposicoesWeb/prop_mostrarintegra?codteor=1656906,analise_relator,requerimento_prorrogacao,Comissão Especial,Comissões
2018-05-29T09:14:00Z,NA,Apresentação de Requerimento,"Apresentação do Requerimento de Prorrogação de prazo de Comissão Temporária n. 8748/2018, pela Comissão Especial destinada a proferir parecer ao Projeto de Lei nº 6726, de 2016, do Senado Federal, que ""regulamenta o limite remuneratório de que tratam o inciso XI e os §§ 9º e 11 do art. 37 da Constituição Federal"", que: ""Requer a prorrogação de prazo da Comissão Especial destinada a proferir parecer ao Projeto de Lei nº 6726, de 2016, do Senado Federal, que 'regulamenta o limite remuneratório de que tratam o inciso XI e os §§ 9º e 11 do art. 37 da Constituição Federal' - PL6726/16"".",2121442,NA,194,"Prioridade (Art. 151, II, RICD)",99,PLEN,https://dadosabertos.camara.leg.br/api/v2/orgaos/180,http://www.camara.gov.br/proposicoesWeb/prop_mostrarintegra?codteor=1663846,analise_relator,requerimento_prorrogacao,Comissão Especial,Comissões
2018-06-11T17:08:00Z,Pronta para Pauta,Recebimento - Relator,"Apresentação do Parecer do Relator, PRL 1 PL672616, pelo Dep. Rubens Bueno",2121442,924,501,"Prioridade (Art. 151, II, RICD)",100,PL672616,https://dadosabertos.camara.leg.br/api/v2/orgaos/538067,http://www.camara.gov.br/proposicoesWeb/prop_mostrarintegra?codteor=1667681,analise_relator,NA,Comissão Especial,Comissões
2018-06-11T17:08:00Z,Pronta para Pauta,Parecer do Relator,"Parecer do Relator, Dep. Rubens Bueno (PPS-PR), pela constitucionalidade, juridicidade, boa técnica legislativa e compatibilidade e adequação orçamentária e financeira do PL 6726/16 e do PL 3123/15, apensado, ambos com emendas saneadoras das inconstitucionalidades apontadas; pela constitucionalidade, juridicidade, boa técnica legislativa e compatibilidade e adequação orçamentária e financeira das Emendas de Plenário de nº 1, 3, 4, 6, 7, 8, 9, 10, 11, 12, 14, 16 e 17/15; pela inconstitucionalidade, injuridicidade, compatibilidade e adequação orçamentária e financeira das Emendas de Plenário nº 5, 13 e 15/15; e, no mérito, pela aprovação do PL 3123/15, apensado, e das Emendas de Plenário nº 1, 3, 6, 7, 8, 9, 10, 12 e 16/15, com Substitutivo, e pela rejeição do PL 6726/16 e das Emendas de Plenário nº 4, 11, 14 e 17/15.  
",2121442,924,322,"Prioridade (Art. 151, II, RICD)",101,PL672616,https://dadosabertos.camara.leg.br/api/v2/orgaos/538067,http://www.camara.gov.br/proposicoesWeb/prop_mostrarintegra?codteor=1667681,analise_relator,parecer_pela_aprovacao_com_substitutivo,Comissão Especial,Comissões
2018-06-12T15:00:00Z,Pronta para Pauta,Pedido de Vista,"Vista conjunta aos Deputados Alberto Fraga, Goulart, Joaquim Passarinho, Jozi Araújo, Júlio Delgado, Laerte Bessa, Lincoln Portela, Nilson Leitão, Pedro Paulo, Rogério Rosso, Rôney Nemer, Sergio Vidigal e Tadeu Alencar.",2121442,924,420,"Prioridade (Art. 151, II, RICD)",102,PL672616,https://dadosabertos.camara.leg.br/api/v2/orgaos/538067,NA,discussao_deliberacao,NA,Comissão Especial,Comissões
2018-06-19T18:10:00Z,Pronta para Pauta,Encerramento de Prazo,Prazo de Vista Encerrado,2121442,924,600,"Prioridade (Art. 151, II, RICD)",103,PL672616,https://dadosabertos.camara.leg.br/api/v2/orgaos/538067,NA,discussao_deliberacao,NA,Comissão Especial,Comissões
2018-06-26T09:47:00Z,NA,Apresentação de Requerimento,"Apresentação do Requerimento de Prorrogação de prazo de Comissão Temporária n. 8963/2018, pela Comissão Especial destinada a proferir parecer ao Projeto de Lei nº 6726, de 2016, do Senado Federal, que ""regulamenta o limite remuneratório de que tratam o inciso XI e os §§ 9º e 11 do art. 37 da Constituição Federal"", que: ""Requer a prorrogação de prazo da Comissão Especial destinada a proferir parecer ao Projeto de Lei nº 6726, de 2016, do Senado Federal, que 'regulamenta o limite remuneratório de que tratam o inciso XI e os §§ 9º e 11 do art. 37 da Constituição Federal' - PL6726/16"".",2121442,NA,194,"Prioridade (Art. 151, II, RICD)",104,PLEN,https://dadosabertos.camara.leg.br/api/v2/orgaos/180,http://www.camara.gov.br/proposicoesWeb/prop_mostrarintegra?codteor=1672274,discussao_deliberacao,requerimento_prorrogacao,Comissão Especial,Comissões
