casa,id_ext,fase_global,local,data_inicio,data_fim,local_casa,pulou
camara,257161,Pré-Construção,,NA,NA,camara,TRUE
camara,257161,Construção,Comissões,2004-06-22T14:57:00Z,NA,camara,FALSE
camara,257161,Construção,Plenário,NA,NA,camara,FALSE
camara,257161,Pré-Revisão I,,NA,NA,camara,FALSE
camara,257161,Revisão I,Comissões,NA,NA,senado,FALSE
camara,257161,Revisão I,Plenário,NA,NA,senado,FALSE
camara,257161,Pré-Revisão II,,NA,NA,camara,FALSE
camara,257161,Revisão II,Comissões,NA,NA,camara,FALSE
camara,257161,Revisão II,Plenário,NA,NA,camara,FALSE
camara,257161,Sanção/Veto,Presidência da República,NA,NA,presidência da república,FALSE
camara,257161,Avaliação dos Vetos,Congresso,NA,NA,congresso,FALSE
senado,132865,Pré-Construção,,NA,NA,senado,TRUE
senado,132865,Construção,Comissões,2018-04-10T12:00:00Z,NA,senado,FALSE
senado,132865,Construção,Plenário,NA,NA,senado,FALSE
senado,132865,Pré-Revisão I,,NA,NA,senado,FALSE
senado,132865,Revisão I,Comissões,NA,NA,camara,FALSE
senado,132865,Revisão I,Plenário,NA,NA,camara,FALSE
senado,132865,Pré-Revisão II,,NA,NA,senado,FALSE
senado,132865,Revisão II,Comissões,NA,NA,senado,FALSE
senado,132865,Revisão II,Plenário,NA,NA,senado,FALSE
senado,132865,Sanção/Veto,Presidência da República,NA,NA,presidência da república,FALSE
senado,132865,Avaliação dos Vetos,Congresso,NA,NA,congresso,FALSE
senado,91341,Pré-Construção,,NA,NA,senado,TRUE
senado,91341,Construção,Comissões,2009-05-29T12:00:00Z,2016-06-07T12:00:00Z,senado,FALSE
senado,91341,Construção,Plenário,2016-06-07T12:00:00Z,2016-06-21T00:00:00Z,senado,FALSE
senado,91341,Pré-Revisão I,,NA,NA,senado,TRUE
camara,2088990,Revisão I,Comissões,2016-06-28T09:52:00Z,NA,camara,FALSE
camara,2088990,Revisão I,Plenário,NA,NA,camara,FALSE
camara,2088990,Pré-Revisão II,,NA,NA,camara,FALSE
camara,2088990,Revisão II,Comissões,NA,NA,senado,FALSE
camara,2088990,Revisão II,Plenário,NA,NA,senado,FALSE
camara,2088990,Sanção/Veto,Presidência da República,NA,NA,presidência da república,FALSE
camara,2088990,Avaliação dos Vetos,Congresso,NA,NA,congresso,FALSE
senado,41703,Pré-Construção,,NA,NA,senado,TRUE
senado,41703,Construção,Comissões,1999-09-10T12:00:00Z,2002-03-12T12:00:00Z,senado,FALSE
senado,41703,Construção,Plenário,NA,NA,senado,TRUE
senado,41703,Pré-Revisão I,,NA,NA,senado,TRUE
camara,46249,Revisão I,Comissões,2002-04-15T14:18:00Z,NA,camara,FALSE
camara,46249,Revisão I,Plenário,NA,NA,camara,FALSE
camara,46249,Pré-Revisão II,,NA,NA,camara,FALSE
camara,46249,Revisão II,Comissões,NA,NA,senado,FALSE
camara,46249,Revisão II,Plenário,NA,NA,senado,FALSE
camara,46249,Sanção/Veto,Presidência da República,NA,NA,presidência da república,FALSE
camara,46249,Avaliação dos Vetos,Congresso,NA,NA,congresso,FALSE
senado,127753,Pré-Construção,,NA,NA,senado,TRUE
senado,127753,Construção,Comissões,NA,NA,senado,TRUE
senado,127753,Construção,Plenário,2016-12-09T12:00:00Z,2016-12-14T12:00:00Z,senado,FALSE
senado,127753,Pré-Revisão I,,NA,NA,senado,TRUE
camara,2121442,Revisão I,Comissões,2016-12-15T15:33:00Z,NA,camara,FALSE
camara,2121442,Revisão I,Plenário,NA,NA,camara,FALSE
camara,2121442,Pré-Revisão II,,NA,NA,camara,FALSE
camara,2121442,Revisão II,Comissões,NA,NA,senado,FALSE
camara,2121442,Revisão II,Plenário,NA,NA,senado,FALSE
camara,2121442,Sanção/Veto,Presidência da República,NA,NA,presidência da república,FALSE
camara,2121442,Avaliação dos Vetos,Congresso,NA,NA,congresso,FALSE
camara,345311,Pré-Construção,,NA,NA,camara,TRUE
camara,345311,Construção,Comissões,2007-03-29T00:00:00Z,NA,camara,FALSE
camara,345311,Construção,Plenário,NA,NA,camara,FALSE
camara,345311,Pré-Revisão I,,NA,NA,camara,FALSE
camara,345311,Revisão I,Comissões,NA,NA,senado,FALSE
camara,345311,Revisão I,Plenário,NA,NA,senado,FALSE
camara,345311,Pré-Revisão II,,NA,NA,camara,FALSE
camara,345311,Revisão II,Comissões,NA,NA,camara,FALSE
camara,345311,Revisão II,Plenário,NA,NA,camara,FALSE
camara,345311,Sanção/Veto,Presidência da República,NA,NA,presidência da república,FALSE
camara,345311,Avaliação dos Vetos,Congresso,NA,NA,congresso,FALSE
camara,2085536,Pré-Construção,,NA,NA,camara,TRUE
camara,2085536,Construção,Comissões,2016-06-08T17:02:00Z,NA,camara,FALSE
camara,2085536,Construção,Plenário,NA,NA,camara,FALSE
camara,2085536,Pré-Revisão I,,NA,NA,camara,FALSE
camara,2085536,Revisão I,Comissões,NA,NA,senado,FALSE
camara,2085536,Revisão I,Plenário,NA,NA,senado,FALSE
camara,2085536,Pré-Revisão II,,NA,NA,camara,FALSE
camara,2085536,Revisão II,Comissões,NA,NA,camara,FALSE
camara,2085536,Revisão II,Plenário,NA,NA,camara,FALSE
camara,2085536,Sanção/Veto,Presidência da República,NA,NA,presidência da república,FALSE
camara,2085536,Avaliação dos Vetos,Congresso,NA,NA,congresso,FALSE
camara,2120775,Pré-Construção,,NA,NA,camara,TRUE
camara,2120775,Construção,Comissões,2018-05-16T00:00:00Z,NA,camara,FALSE
camara,2120775,Construção,Plenário,NA,NA,camara,FALSE
camara,2120775,Pré-Revisão I,,NA,NA,camara,FALSE
camara,2120775,Revisão I,Comissões,NA,NA,senado,FALSE
camara,2120775,Revisão I,Plenário,NA,NA,senado,FALSE
camara,2120775,Pré-Revisão II,,NA,NA,camara,FALSE
camara,2120775,Revisão II,Comissões,NA,NA,camara,FALSE
camara,2120775,Revisão II,Plenário,NA,NA,camara,FALSE
camara,2120775,Sanção/Veto,Presidência da República,NA,NA,presidência da república,FALSE
camara,2120775,Avaliação dos Vetos,Congresso,NA,NA,congresso,FALSE
senado,115926,Pré-Construção,,NA,NA,senado,TRUE
senado,115926,Construção,Comissões,2014-02-11T12:00:00Z,2016-12-13T12:00:00Z,senado,FALSE
senado,115926,Construção,Plenário,2016-12-13T12:00:00Z,2017-02-03T00:00:00Z,senado,FALSE
senado,115926,Pré-Revisão I,,NA,NA,senado,TRUE
camara,2122766,Revisão I,Comissões,2018-02-27T00:00:00Z,NA,camara,FALSE
camara,2122766,Revisão I,Plenário,NA,NA,camara,FALSE
camara,2122766,Pré-Revisão II,,NA,NA,camara,FALSE
camara,2122766,Revisão II,Comissões,NA,NA,senado,FALSE
camara,2122766,Revisão II,Plenário,NA,NA,senado,FALSE
camara,2122766,Sanção/Veto,Presidência da República,NA,NA,presidência da república,FALSE
camara,2122766,Avaliação dos Vetos,Congresso,NA,NA,congresso,FALSE
senado,126364,Pré-Construção,,NA,NA,senado,TRUE
senado,126364,Construção,Comissões,2016-07-05T12:00:00Z,NA,senado,FALSE
senado,126364,Construção,Plenário,NA,NA,senado,FALSE
senado,126364,Pré-Revisão I,,NA,NA,senado,FALSE
senado,126364,Revisão I,Comissões,NA,NA,camara,FALSE
senado,126364,Revisão I,Plenário,NA,NA,camara,FALSE
senado,126364,Pré-Revisão II,,NA,NA,senado,FALSE
senado,126364,Revisão II,Comissões,NA,NA,senado,FALSE
senado,126364,Revisão II,Plenário,NA,NA,senado,FALSE
senado,126364,Sanção/Veto,Presidência da República,NA,NA,presidência da república,FALSE
senado,126364,Avaliação dos Vetos,Congresso,NA,NA,congresso,FALSE
camara,606722,Pré-Construção,,NA,NA,camara,TRUE
camara,606722,Construção,Comissões,2014-03-06T16:54:00Z,NA,camara,FALSE
camara,606722,Construção,Plenário,NA,NA,camara,FALSE
camara,606722,Pré-Revisão I,,NA,NA,camara,FALSE
camara,606722,Revisão I,Comissões,NA,NA,senado,FALSE
camara,606722,Revisão I,Plenário,NA,NA,senado,FALSE
camara,606722,Pré-Revisão II,,NA,NA,camara,FALSE
camara,606722,Revisão II,Comissões,NA,NA,camara,FALSE
camara,606722,Revisão II,Plenário,NA,NA,camara,FALSE
camara,606722,Sanção/Veto,Presidência da República,NA,NA,presidência da república,FALSE
camara,606722,Avaliação dos Vetos,Congresso,NA,NA,congresso,FALSE
camara,541857,Pré-Construção,,NA,NA,camara,TRUE
camara,541857,Construção,Comissões,2012-05-10T17:49:00Z,NA,camara,FALSE
camara,541857,Construção,Plenário,NA,NA,camara,FALSE
camara,541857,Pré-Revisão I,,NA,NA,camara,FALSE
camara,541857,Revisão I,Comissões,NA,NA,senado,FALSE
camara,541857,Revisão I,Plenário,NA,NA,senado,FALSE
camara,541857,Pré-Revisão II,,NA,NA,camara,FALSE
camara,541857,Revisão II,Comissões,NA,NA,camara,FALSE
camara,541857,Revisão II,Plenário,NA,NA,camara,FALSE
camara,541857,Sanção/Veto,Presidência da República,NA,NA,presidência da república,FALSE
camara,541857,Avaliação dos Vetos,Congresso,NA,NA,congresso,FALSE
camara,2119881,Pré-Construção,,NA,NA,camara,TRUE
camara,2119881,Construção,Comissões,2016-12-07T00:00:00Z,NA,camara,FALSE
camara,2119881,Construção,Plenário,NA,NA,camara,FALSE
camara,2119881,Pré-Revisão I,,NA,NA,camara,FALSE
camara,2119881,Revisão I,Comissões,NA,NA,senado,FALSE
camara,2119881,Revisão I,Plenário,NA,NA,senado,FALSE
camara,2119881,Pré-Revisão II,,NA,NA,camara,FALSE
camara,2119881,Revisão II,Comissões,NA,NA,camara,FALSE
camara,2119881,Revisão II,Plenário,NA,NA,camara,FALSE
camara,2119881,Sanção/Veto,Presidência da República,NA,NA,presidência da república,FALSE
camara,2119881,Avaliação dos Vetos,Congresso,NA,NA,congresso,FALSE
camara,2158425,Pré-Construção,,NA,NA,camara,TRUE
camara,2158425,Construção,Comissões,2017-11-06T16:31:00Z,2018-06-25T16:00:00Z,camara,FALSE
camara,2158425,Construção,Plenário,2018-06-19T13:30:00Z,2018-07-05T00:00:00Z,camara,FALSE
camara,2158425,Pré-Revisão I,,NA,NA,camara,TRUE
senado,133943,Revisão I,Comissões,2018-12-20T12:00:00Z,NA,senado,FALSE
senado,133943,Revisão I,Plenário,NA,NA,senado,FALSE
senado,133943,Pré-Revisão II,,NA,NA,senado,FALSE
senado,133943,Revisão II,Comissões,NA,NA,camara,FALSE
senado,133943,Revisão II,Plenário,NA,NA,camara,FALSE
senado,133943,Sanção/Veto,Presidência da República,NA,NA,presidência da república,FALSE
senado,133943,Avaliação dos Vetos,Congresso,NA,NA,congresso,FALSE
camara,2056568,Pré-Construção,,NA,NA,camara,TRUE
camara,2056568,Construção,Comissões,2015-12-08T17:27:00Z,NA,camara,FALSE
camara,2056568,Construção,Plenário,NA,NA,camara,FALSE
camara,2056568,Pré-Revisão I,,NA,NA,camara,FALSE
camara,2056568,Revisão I,Comissões,NA,NA,senado,FALSE
camara,2056568,Revisão I,Plenário,NA,NA,senado,FALSE
camara,2056568,Pré-Revisão II,,NA,NA,camara,FALSE
camara,2056568,Revisão II,Comissões,NA,NA,camara,FALSE
camara,2056568,Revisão II,Plenário,NA,NA,camara,FALSE
camara,2056568,Sanção/Veto,Presidência da República,NA,NA,presidência da república,FALSE
camara,2056568,Avaliação dos Vetos,Congresso,NA,NA,congresso,FALSE
camara,1738598,Pré-Construção,,NA,NA,camara,TRUE
camara,1738598,Construção,Comissões,2015-10-01T17:10:00Z,NA,camara,FALSE
camara,1738598,Construção,Plenário,NA,NA,camara,FALSE
camara,1738598,Pré-Revisão I,,NA,NA,camara,FALSE
camara,1738598,Revisão I,Comissões,NA,NA,senado,FALSE
camara,1738598,Revisão I,Plenário,NA,NA,senado,FALSE
camara,1738598,Pré-Revisão II,,NA,NA,camara,FALSE
camara,1738598,Revisão II,Comissões,NA,NA,camara,FALSE
camara,1738598,Revisão II,Plenário,NA,NA,camara,FALSE
camara,1738598,Sanção/Veto,Presidência da República,NA,NA,presidência da república,FALSE
camara,1738598,Avaliação dos Vetos,Congresso,NA,NA,congresso,FALSE
camara,14562,Pré-Construção,,NA,NA,camara,TRUE
camara,14562,Construção,Comissões,2003-04-14T00:00:00Z,NA,camara,FALSE
camara,14562,Construção,Plenário,NA,NA,camara,FALSE
camara,14562,Pré-Revisão I,,NA,NA,camara,FALSE
camara,14562,Revisão I,Comissões,NA,NA,senado,FALSE
camara,14562,Revisão I,Plenário,NA,NA,senado,FALSE
camara,14562,Pré-Revisão II,,NA,NA,camara,FALSE
camara,14562,Revisão II,Comissões,NA,NA,camara,FALSE
camara,14562,Revisão II,Plenário,NA,NA,camara,FALSE
camara,14562,Sanção/Veto,Presidência da República,NA,NA,presidência da república,FALSE
camara,14562,Avaliação dos Vetos,Congresso,NA,NA,congresso,FALSE
camara,2170839,Pré-Construção,,NA,NA,camara,TRUE
camara,2170839,Construção,Comissões,2018-06-11T16:48:00Z,NA,camara,FALSE
camara,2170839,Construção,Plenário,NA,NA,camara,FALSE
camara,2170839,Pré-Revisão I,,NA,NA,camara,FALSE
camara,2170839,Revisão I,Comissões,NA,NA,senado,FALSE
camara,2170839,Revisão I,Plenário,NA,NA,senado,FALSE
camara,2170839,Pré-Revisão II,,NA,NA,camara,FALSE
camara,2170839,Revisão II,Comissões,NA,NA,camara,FALSE
camara,2170839,Revisão II,Plenário,NA,NA,camara,FALSE
camara,2170839,Sanção/Veto,Presidência da República,NA,NA,presidência da república,FALSE
camara,2170839,Avaliação dos Vetos,Congresso,NA,NA,congresso,FALSE
camara,944279,Pré-Construção,,NA,NA,camara,TRUE
camara,944279,Construção,Comissões,2015-03-04T17:25:00Z,NA,camara,FALSE
camara,944279,Construção,Plenário,NA,NA,camara,FALSE
camara,944279,Pré-Revisão I,,NA,NA,camara,FALSE
camara,944279,Revisão I,Comissões,NA,NA,senado,FALSE
camara,944279,Revisão I,Plenário,NA,NA,senado,FALSE
camara,944279,Pré-Revisão II,,NA,NA,camara,FALSE
camara,944279,Revisão II,Comissões,NA,NA,camara,FALSE
camara,944279,Revisão II,Plenário,NA,NA,camara,FALSE
camara,944279,Sanção/Veto,Presidência da República,NA,NA,presidência da república,FALSE
camara,944279,Avaliação dos Vetos,Congresso,NA,NA,congresso,FALSE
senado,111048,Pré-Construção,,NA,NA,senado,TRUE
senado,111048,Construção,Comissões,2013-02-27T12:00:00Z,2016-12-06T00:00:00Z,senado,FALSE
senado,111048,Construção,Plenário,NA,NA,senado,TRUE
senado,111048,Pré-Revisão I,,NA,NA,senado,TRUE
camara,2120019,Revisão I,Comissões,2017-08-17T12:57:00Z,NA,camara,FALSE
camara,2120019,Revisão I,Plenário,NA,NA,camara,FALSE
camara,2120019,Pré-Revisão II,,NA,NA,camara,FALSE
camara,2120019,Revisão II,Comissões,NA,NA,senado,FALSE
camara,2120019,Revisão II,Plenário,NA,NA,senado,FALSE
camara,2120019,Sanção/Veto,Presidência da República,NA,NA,presidência da república,FALSE
camara,2120019,Avaliação dos Vetos,Congresso,NA,NA,congresso,FALSE
camara,51066,Pré-Construção,,NA,NA,camara,TRUE
camara,51066,Construção,Comissões,2002-06-05T09:39:00Z,NA,camara,FALSE
camara,51066,Construção,Plenário,NA,NA,camara,FALSE
camara,51066,Pré-Revisão I,,NA,NA,camara,FALSE
camara,51066,Revisão I,Comissões,NA,NA,senado,FALSE
camara,51066,Revisão I,Plenário,NA,NA,senado,FALSE
camara,51066,Pré-Revisão II,,NA,NA,camara,FALSE
camara,51066,Revisão II,Comissões,NA,NA,camara,FALSE
camara,51066,Revisão II,Plenário,NA,NA,camara,FALSE
camara,51066,Sanção/Veto,Presidência da República,NA,NA,presidência da república,FALSE
camara,51066,Avaliação dos Vetos,Congresso,NA,NA,congresso,FALSE
camara,518221,Pré-Construção,,NA,NA,camara,TRUE
camara,518221,Construção,Comissões,2011-09-20T17:16:00Z,NA,camara,FALSE
camara,518221,Construção,Plenário,NA,NA,camara,FALSE
camara,518221,Pré-Revisão I,,NA,NA,camara,FALSE
camara,518221,Revisão I,Comissões,NA,NA,senado,FALSE
camara,518221,Revisão I,Plenário,NA,NA,senado,FALSE
camara,518221,Pré-Revisão II,,NA,NA,camara,FALSE
camara,518221,Revisão II,Comissões,NA,NA,camara,FALSE
camara,518221,Revisão II,Plenário,NA,NA,camara,FALSE
camara,518221,Sanção/Veto,Presidência da República,NA,NA,presidência da república,FALSE
camara,518221,Avaliação dos Vetos,Congresso,NA,NA,congresso,FALSE
camara,532814,Pré-Construção,,NA,NA,camara,TRUE
camara,532814,Construção,Comissões,2012-03-01T14:35:00Z,NA,camara,FALSE
camara,532814,Construção,Plenário,NA,NA,camara,FALSE
camara,532814,Pré-Revisão I,,NA,NA,camara,FALSE
camara,532814,Revisão I,Comissões,NA,NA,senado,FALSE
camara,532814,Revisão I,Plenário,NA,NA,senado,FALSE
camara,532814,Pré-Revisão II,,NA,NA,camara,FALSE
camara,532814,Revisão II,Comissões,NA,NA,camara,FALSE
camara,532814,Revisão II,Plenário,NA,NA,camara,FALSE
camara,532814,Sanção/Veto,Presidência da República,NA,NA,presidência da república,FALSE
camara,532814,Avaliação dos Vetos,Congresso,NA,NA,congresso,FALSE
senado,120143,Pré-Construção,,NA,NA,senado,TRUE
senado,120143,Construção,Comissões,2015-03-18T12:00:00Z,NA,senado,FALSE
senado,120143,Construção,Plenário,NA,NA,senado,FALSE
senado,120143,Pré-Revisão I,,NA,NA,senado,FALSE
senado,120143,Revisão I,Comissões,NA,NA,camara,FALSE
senado,120143,Revisão I,Plenário,NA,NA,camara,FALSE
senado,120143,Pré-Revisão II,,NA,NA,senado,FALSE
senado,120143,Revisão II,Comissões,NA,NA,senado,FALSE
senado,120143,Revisão II,Plenário,NA,NA,senado,FALSE
senado,120143,Sanção/Veto,Presidência da República,NA,NA,presidência da república,FALSE
senado,120143,Avaliação dos Vetos,Congresso,NA,NA,congresso,FALSE
camara,500183,Pré-Construção,,NA,NA,camara,TRUE
camara,500183,Construção,Comissões,2011-05-18T17:00:00Z,NA,camara,FALSE
camara,500183,Construção,Plenário,NA,NA,camara,FALSE
camara,500183,Pré-Revisão I,,NA,NA,camara,FALSE
camara,500183,Revisão I,Comissões,NA,NA,senado,FALSE
camara,500183,Revisão I,Plenário,NA,NA,senado,FALSE
camara,500183,Pré-Revisão II,,NA,NA,camara,FALSE
camara,500183,Revisão II,Comissões,NA,NA,camara,FALSE
camara,500183,Revisão II,Plenário,NA,NA,camara,FALSE
camara,500183,Sanção/Veto,Presidência da República,NA,NA,presidência da república,FALSE
camara,500183,Avaliação dos Vetos,Congresso,NA,NA,congresso,FALSE
senado,106330,Pré-Construção,,NA,NA,senado,TRUE
senado,106330,Construção,Comissões,2012-07-04T12:00:00Z,NA,senado,FALSE
senado,106330,Construção,Plenário,NA,NA,senado,FALSE
senado,106330,Pré-Revisão I,,NA,NA,senado,FALSE
senado,106330,Revisão I,Comissões,NA,NA,camara,FALSE
senado,106330,Revisão I,Plenário,NA,NA,camara,FALSE
senado,106330,Pré-Revisão II,,NA,NA,senado,FALSE
senado,106330,Revisão II,Comissões,NA,NA,senado,FALSE
senado,106330,Revisão II,Plenário,NA,NA,senado,FALSE
senado,106330,Sanção/Veto,Presidência da República,NA,NA,presidência da república,FALSE
senado,106330,Avaliação dos Vetos,Congresso,NA,NA,congresso,FALSE
camara,546383,Pré-Construção,,NA,NA,camara,TRUE
camara,546383,Construção,Comissões,2012-06-19T15:52:00Z,NA,camara,FALSE
camara,546383,Construção,Plenário,NA,NA,camara,FALSE
camara,546383,Pré-Revisão I,,NA,NA,camara,FALSE
camara,546383,Revisão I,Comissões,NA,NA,senado,FALSE
camara,546383,Revisão I,Plenário,NA,NA,senado,FALSE
camara,546383,Pré-Revisão II,,NA,NA,camara,FALSE
camara,546383,Revisão II,Comissões,NA,NA,camara,FALSE
camara,546383,Revisão II,Plenário,NA,NA,camara,FALSE
camara,546383,Sanção/Veto,Presidência da República,NA,NA,presidência da república,FALSE
camara,546383,Avaliação dos Vetos,Congresso,NA,NA,congresso,FALSE
senado,120768,Pré-Construção,,NA,NA,senado,TRUE
senado,120768,Construção,Comissões,2015-04-23T00:00:00Z,NA,senado,FALSE
senado,120768,Construção,Plenário,NA,NA,senado,FALSE
senado,120768,Pré-Revisão I,,NA,NA,senado,FALSE
senado,120768,Revisão I,Comissões,NA,NA,camara,FALSE
senado,120768,Revisão I,Plenário,NA,NA,camara,FALSE
senado,120768,Pré-Revisão II,,NA,NA,senado,FALSE
senado,120768,Revisão II,Comissões,NA,NA,senado,FALSE
senado,120768,Revisão II,Plenário,NA,NA,senado,FALSE
senado,120768,Sanção/Veto,Presidência da República,NA,NA,presidência da república,FALSE
senado,120768,Avaliação dos Vetos,Congresso,NA,NA,congresso,FALSE
senado,121572,Pré-Construção,,NA,NA,senado,TRUE
senado,121572,Construção,Comissões,2015-06-03T12:00:00Z,2015-08-04T12:00:00Z,senado,FALSE
senado,121572,Construção,Plenário,NA,NA,senado,TRUE
senado,121572,Pré-Revisão I,,NA,NA,senado,TRUE
camara,1594911,Revisão I,Comissões,2016-11-10T17:58:00Z,NA,camara,FALSE
camara,1594911,Revisão I,Plenário,NA,NA,camara,FALSE
camara,1594911,Pré-Revisão II,,NA,NA,camara,FALSE
camara,1594911,Revisão II,Comissões,NA,NA,senado,FALSE
camara,1594911,Revisão II,Plenário,NA,NA,senado,FALSE
camara,1594911,Sanção/Veto,Presidência da República,NA,NA,presidência da república,FALSE
camara,1594911,Avaliação dos Vetos,Congresso,NA,NA,congresso,FALSE
senado,96813,Pré-Construção,,NA,NA,senado,TRUE
senado,96813,Construção,Comissões,2010-05-12T12:00:00Z,2013-12-18T00:00:00Z,senado,FALSE
senado,96813,Construção,Plenário,NA,NA,senado,TRUE
senado,96813,Pré-Revisão I,,NA,NA,senado,TRUE
camara,604888,Revisão I,Comissões,2014-02-10T15:14:00Z,2019-02-25T13:55:00Z,camara,FALSE
camara,604888,Revisão I,Plenário,2018-02-28T13:55:00Z,NA,camara,FALSE
camara,604888,Pré-Revisão II,,NA,NA,camara,FALSE
camara,604888,Revisão II,Comissões,NA,NA,senado,FALSE
camara,604888,Revisão II,Plenário,NA,NA,senado,FALSE
camara,604888,Sanção/Veto,Presidência da República,NA,NA,presidência da república,FALSE
camara,604888,Avaliação dos Vetos,Congresso,NA,NA,congresso,FALSE
camara,2192459,Pré-Construção,,NA,NA,camara,TRUE
camara,2192459,Construção,Comissões,2019-02-22T17:34:00Z,2019-07-09T16:47:00Z,camara,FALSE
camara,2192459,Construção,Plenário,2019-07-09T16:47:00Z,NA,camara,FALSE
camara,2192459,Pré-Revisão I,,NA,NA,camara,FALSE
camara,2192459,Revisão I,Comissões,NA,NA,senado,FALSE
camara,2192459,Revisão I,Plenário,NA,NA,senado,FALSE
camara,2192459,Pré-Revisão II,,NA,NA,camara,FALSE
camara,2192459,Revisão II,Comissões,NA,NA,camara,FALSE
camara,2192459,Revisão II,Plenário,NA,NA,camara,FALSE
camara,2192459,Sanção/Veto,Presidência da República,NA,NA,presidência da república,FALSE
camara,2192459,Avaliação dos Vetos,Congresso,NA,NA,congresso,FALSE
senado,135064,Comissão Mista,,2019-01-01T12:00:00Z,2019-05-09T12:00:00Z,,FALSE
senado,135064,Câmara dos Deputados,,2019-05-09T12:00:00Z,2019-05-24T12:00:00Z,,FALSE
senado,135064,Senado Federal,,2019-05-24T12:00:00Z,2019-06-18T12:00:00Z,,FALSE
senado,135064,Sanção Presidencial/Promulgação,,2019-06-18T12:00:00Z,2019-06-18T12:00:00Z,,FALSE
senado,135064,Câmara dos Deputados - Revisão,,NA,NA,,FALSE
camara,2192352,Pré-Construção,,NA,NA,camara,TRUE
camara,2192352,Construção,Comissões,2019-03-27T16:48:00Z,NA,camara,FALSE
camara,2192352,Construção,Plenário,NA,NA,camara,FALSE
camara,2192352,Pré-Revisão I,,NA,NA,camara,FALSE
camara,2192352,Revisão I,Comissões,NA,NA,senado,FALSE
camara,2192352,Revisão I,Plenário,NA,NA,senado,FALSE
camara,2192352,Pré-Revisão II,,NA,NA,camara,FALSE
camara,2192352,Revisão II,Comissões,NA,NA,camara,FALSE
camara,2192352,Revisão II,Plenário,NA,NA,camara,FALSE
camara,2192352,Sanção/Veto,Presidência da República,NA,NA,presidência da república,FALSE
camara,2192352,Avaliação dos Vetos,Congresso,NA,NA,congresso,FALSE
camara,2192353,Pré-Construção,,NA,NA,camara,FALSE
camara,2192353,Construção,Comissões,NA,NA,camara,FALSE
camara,2192353,Construção,Plenário,NA,NA,camara,FALSE
camara,2192353,Pré-Revisão I,,NA,NA,camara,FALSE
camara,2192353,Revisão I,Comissões,NA,NA,camara,FALSE
camara,2192353,Revisão I,Plenário,NA,NA,camara,FALSE
camara,2192353,Pré-Revisão II,,NA,NA,camara,FALSE
camara,2192353,Revisão II,Comissões,NA,NA,camara,FALSE
camara,2192353,Revisão II,Plenário,NA,NA,camara,FALSE
camara,2192353,Sanção/Veto,Presidência da República,NA,NA,presidência da república,FALSE
camara,2192353,Avaliação dos Vetos,Congresso,NA,NA,congresso,FALSE
camara,2192354,Pré-Construção,,NA,NA,camara,TRUE
camara,2192354,Construção,Comissões,2019-03-22T16:24:00Z,NA,camara,FALSE
camara,2192354,Construção,Plenário,NA,NA,camara,FALSE
camara,2192354,Pré-Revisão I,,NA,NA,camara,FALSE
camara,2192354,Revisão I,Comissões,NA,NA,senado,FALSE
camara,2192354,Revisão I,Plenário,NA,NA,senado,FALSE
camara,2192354,Pré-Revisão II,,NA,NA,camara,FALSE
camara,2192354,Revisão II,Comissões,NA,NA,camara,FALSE
camara,2192354,Revisão II,Plenário,NA,NA,camara,FALSE
camara,2192354,Sanção/Veto,Presidência da República,NA,NA,presidência da república,FALSE
camara,2192354,Avaliação dos Vetos,Congresso,NA,NA,congresso,FALSE
senado,131906,Pré-Construção,,NA,NA,senado,TRUE
senado,131906,Construção,Comissões,2017-12-12T12:00:00Z,NA,senado,FALSE
senado,131906,Construção,Plenário,NA,NA,senado,FALSE
senado,131906,Pré-Revisão I,,NA,NA,senado,FALSE
senado,131906,Revisão I,Comissões,NA,NA,camara,FALSE
senado,131906,Revisão I,Plenário,NA,NA,camara,FALSE
senado,131906,Pré-Revisão II,,NA,NA,senado,FALSE
senado,131906,Revisão II,Comissões,NA,NA,senado,FALSE
senado,131906,Revisão II,Plenário,NA,NA,senado,FALSE
senado,131906,Sanção/Veto,Presidência da República,NA,NA,presidência da república,FALSE
senado,131906,Avaliação dos Vetos,Congresso,NA,NA,congresso,FALSE
senado,120152,Pré-Construção,,NA,NA,senado,TRUE
senado,120152,Construção,Comissões,2015-03-18T12:00:00Z,NA,senado,FALSE
senado,120152,Construção,Plenário,NA,NA,senado,FALSE
senado,120152,Pré-Revisão I,,NA,NA,senado,FALSE
senado,120152,Revisão I,Comissões,NA,NA,camara,FALSE
senado,120152,Revisão I,Plenário,NA,NA,camara,FALSE
senado,120152,Pré-Revisão II,,NA,NA,senado,FALSE
senado,120152,Revisão II,Comissões,NA,NA,senado,FALSE
senado,120152,Revisão II,Plenário,NA,NA,senado,FALSE
senado,120152,Sanção/Veto,Presidência da República,NA,NA,presidência da república,FALSE
senado,120152,Avaliação dos Vetos,Congresso,NA,NA,congresso,FALSE
senado,135061,Comissão Mista,,2018-12-28T12:00:00Z,2019-05-09T12:00:00Z,,FALSE
senado,135061,Câmara dos Deputados,,2019-05-09T12:00:00Z,NA,,FALSE
senado,135061,Senado Federal,,NA,NA,,FALSE
senado,135061,Câmara dos Deputados - Revisão,,NA,NA,,FALSE
senado,135061,Sanção Presidencial/Promulgação,,NA,NA,,FALSE
camara,353631,Pré-Construção,,NA,NA,camara,TRUE
camara,353631,Construção,Comissões,2007-06-15T17:04:00Z,2018-04-17T14:00:00Z,camara,FALSE
camara,353631,Construção,Plenário,2017-07-04T14:00:00Z,NA,camara,FALSE
camara,353631,Pré-Revisão I,,NA,NA,camara,FALSE
camara,353631,Revisão I,Comissões,NA,NA,senado,FALSE
camara,353631,Revisão I,Plenário,NA,NA,senado,FALSE
camara,353631,Pré-Revisão II,,NA,NA,camara,FALSE
camara,353631,Revisão II,Comissões,NA,NA,camara,FALSE
camara,353631,Revisão II,Plenário,NA,NA,camara,FALSE
camara,353631,Sanção/Veto,Presidência da República,NA,NA,presidência da república,FALSE
camara,353631,Avaliação dos Vetos,Congresso,NA,NA,congresso,FALSE
camara,2178170,Pré-Construção,,NA,NA,camara,FALSE
camara,2178170,Construção,Comissões,NA,NA,camara,FALSE
camara,2178170,Construção,Plenário,NA,NA,camara,FALSE
camara,2178170,Pré-Revisão I,,NA,NA,camara,FALSE
camara,2178170,Revisão I,Comissões,NA,NA,camara,FALSE
camara,2178170,Revisão I,Plenário,NA,NA,camara,FALSE
camara,2178170,Pré-Revisão II,,NA,NA,camara,FALSE
camara,2178170,Revisão II,Comissões,NA,NA,camara,FALSE
camara,2178170,Revisão II,Plenário,NA,NA,camara,FALSE
camara,2178170,Sanção/Veto,Presidência da República,NA,NA,presidência da república,FALSE
camara,2178170,Avaliação dos Vetos,Congresso,NA,NA,congresso,FALSE
senado,135060,Comissão Mista,,2018-12-27T12:00:00Z,2019-05-09T12:00:00Z,,FALSE
senado,135060,Câmara dos Deputados,,2019-05-09T12:00:00Z,2019-05-29T12:00:00Z,,FALSE
senado,135060,Senado Federal,,2019-05-29T12:00:00Z,NA,,FALSE
senado,135060,Câmara dos Deputados - Revisão,,NA,NA,,FALSE
senado,135060,Sanção Presidencial/Promulgação,,NA,NA,,FALSE
camara,604557,Pré-Construção,,NA,NA,camara,TRUE
camara,604557,Construção,Comissões,2014-02-10T15:19:00Z,2019-06-12T13:00:00Z,camara,FALSE
camara,604557,Construção,Plenário,2019-06-12T13:00:00Z,NA,camara,FALSE
camara,604557,Pré-Revisão I,,NA,NA,camara,FALSE
camara,604557,Revisão I,Comissões,NA,NA,senado,FALSE
camara,604557,Revisão I,Plenário,NA,NA,senado,FALSE
camara,604557,Pré-Revisão II,,NA,NA,camara,FALSE
camara,604557,Revisão II,Comissões,NA,NA,camara,FALSE
camara,604557,Revisão II,Plenário,NA,NA,camara,FALSE
camara,604557,Sanção/Veto,Presidência da República,NA,NA,presidência da república,FALSE
camara,604557,Avaliação dos Vetos,Congresso,NA,NA,congresso,FALSE
senado,136033,Pré-Construção,,NA,NA,senado,TRUE
senado,136033,Construção,Comissões,2019-03-29T12:00:00Z,NA,senado,FALSE
senado,136033,Construção,Plenário,NA,NA,senado,FALSE
senado,136033,Pré-Revisão I,,NA,NA,senado,FALSE
senado,136033,Revisão I,Comissões,NA,NA,camara,FALSE
senado,136033,Revisão I,Plenário,NA,NA,camara,FALSE
senado,136033,Pré-Revisão II,,NA,NA,senado,FALSE
senado,136033,Revisão II,Comissões,NA,NA,senado,FALSE
senado,136033,Revisão II,Plenário,NA,NA,senado,FALSE
senado,136033,Sanção/Veto,Presidência da República,NA,NA,presidência da república,FALSE
senado,136033,Avaliação dos Vetos,Congresso,NA,NA,congresso,FALSE
camara,2193540,Pré-Construção,,NA,NA,camara,TRUE
camara,2193540,Construção,Comissões,2019-03-18T16:12:00Z,2019-04-03T00:00:00Z,camara,FALSE
camara,2193540,Construção,Plenário,NA,NA,camara,TRUE
camara,2193540,Pré-Revisão I,,NA,NA,camara,TRUE
senado,136173,Revisão I,Comissões,2019-04-04T12:00:00Z,2019-04-16T12:00:00Z,senado,FALSE
senado,136173,Revisão I,Plenário,2019-04-09T12:00:00Z,NA,senado,FALSE
senado,136173,Pré-Revisão II,,NA,NA,senado,FALSE
senado,136173,Revisão II,Comissões,NA,NA,camara,FALSE
senado,136173,Revisão II,Plenário,NA,NA,camara,FALSE
senado,136173,Sanção/Veto,Presidência da República,NA,NA,presidência da república,FALSE
senado,136173,Avaliação dos Vetos,Congresso,NA,NA,congresso,FALSE
senado,135799,Pré-Construção,,NA,NA,senado,TRUE
senado,135799,Construção,Comissões,2019-03-19T12:00:00Z,NA,senado,FALSE
senado,135799,Construção,Plenário,NA,NA,senado,FALSE
senado,135799,Pré-Revisão I,,NA,NA,senado,FALSE
senado,135799,Revisão I,Comissões,NA,NA,camara,FALSE
senado,135799,Revisão I,Plenário,NA,NA,camara,FALSE
senado,135799,Pré-Revisão II,,NA,NA,senado,FALSE
senado,135799,Revisão II,Comissões,NA,NA,senado,FALSE
senado,135799,Revisão II,Plenário,NA,NA,senado,FALSE
senado,135799,Sanção/Veto,Presidência da República,NA,NA,presidência da república,FALSE
senado,135799,Avaliação dos Vetos,Congresso,NA,NA,congresso,FALSE
senado,135505,Pré-Construção,,NA,NA,senado,TRUE
senado,135505,Construção,Comissões,2019-02-28T12:00:00Z,NA,senado,FALSE
senado,135505,Construção,Plenário,NA,NA,senado,FALSE
senado,135505,Pré-Revisão I,,NA,NA,senado,FALSE
senado,135505,Revisão I,Comissões,NA,NA,camara,FALSE
senado,135505,Revisão I,Plenário,NA,NA,camara,FALSE
senado,135505,Pré-Revisão II,,NA,NA,senado,FALSE
senado,135505,Revisão II,Comissões,NA,NA,senado,FALSE
senado,135505,Revisão II,Plenário,NA,NA,senado,FALSE
senado,135505,Sanção/Veto,Presidência da República,NA,NA,presidência da república,FALSE
senado,135505,Avaliação dos Vetos,Congresso,NA,NA,congresso,FALSE
senado,135062,Comissão Mista,,2018-12-28T12:00:00Z,2019-05-09T12:00:00Z,,FALSE
senado,135062,Câmara dos Deputados,,2019-05-09T12:00:00Z,2019-05-29T12:00:00Z,,FALSE
senado,135062,Senado Federal,,2019-05-29T12:00:00Z,2019-07-09T12:00:00Z,,FALSE
senado,135062,Sanção Presidencial/Promulgação,,2019-07-09T12:00:00Z,2019-07-09T12:00:00Z,,FALSE
senado,135062,Câmara dos Deputados - Revisão,,NA,NA,,FALSE
senado,131429,Pré-Construção,,NA,NA,senado,TRUE
senado,131429,Construção,Comissões,2017-11-01T12:00:00Z,NA,senado,FALSE
senado,131429,Construção,Plenário,NA,NA,senado,FALSE
senado,131429,Pré-Revisão I,,NA,NA,senado,FALSE
senado,131429,Revisão I,Comissões,NA,NA,camara,FALSE
senado,131429,Revisão I,Plenário,NA,NA,camara,FALSE
senado,131429,Pré-Revisão II,,NA,NA,senado,FALSE
senado,131429,Revisão II,Comissões,NA,NA,senado,FALSE
senado,131429,Revisão II,Plenário,NA,NA,senado,FALSE
senado,131429,Sanção/Veto,Presidência da República,NA,NA,presidência da república,FALSE
senado,131429,Avaliação dos Vetos,Congresso,NA,NA,congresso,FALSE
camara,522447,Pré-Construção,,NA,NA,camara,TRUE
camara,522447,Construção,Comissões,2011-10-26T17:27:00Z,NA,camara,FALSE
camara,522447,Construção,Plenário,NA,NA,camara,FALSE
camara,522447,Pré-Revisão I,,NA,NA,camara,FALSE
camara,522447,Revisão I,Comissões,NA,NA,senado,FALSE
camara,522447,Revisão I,Plenário,NA,NA,senado,FALSE
camara,522447,Pré-Revisão II,,NA,NA,camara,FALSE
camara,522447,Revisão II,Comissões,NA,NA,camara,FALSE
camara,522447,Revisão II,Plenário,NA,NA,camara,FALSE
camara,522447,Sanção/Veto,Presidência da República,NA,NA,presidência da república,FALSE
camara,522447,Avaliação dos Vetos,Congresso,NA,NA,congresso,FALSE
senado,129778,Pré-Construção,,NA,NA,senado,TRUE
senado,129778,Construção,Comissões,2017-06-27T12:00:00Z,NA,senado,FALSE
senado,129778,Construção,Plenário,NA,NA,senado,FALSE
senado,129778,Pré-Revisão I,,NA,NA,senado,FALSE
senado,129778,Revisão I,Comissões,NA,NA,camara,FALSE
senado,129778,Revisão I,Plenário,NA,NA,camara,FALSE
senado,129778,Pré-Revisão II,,NA,NA,senado,FALSE
senado,129778,Revisão II,Comissões,NA,NA,senado,FALSE
senado,129778,Revisão II,Plenário,NA,NA,senado,FALSE
senado,129778,Sanção/Veto,Presidência da República,NA,NA,presidência da república,FALSE
senado,129778,Avaliação dos Vetos,Congresso,NA,NA,congresso,FALSE
camara,1198512,Pré-Construção,,NA,NA,camara,TRUE
camara,1198512,Construção,Comissões,2015-04-23T17:14:00Z,NA,camara,FALSE
camara,1198512,Construção,Plenário,NA,NA,camara,FALSE
camara,1198512,Pré-Revisão I,,NA,NA,camara,FALSE
camara,1198512,Revisão I,Comissões,NA,NA,senado,FALSE
camara,1198512,Revisão I,Plenário,NA,NA,senado,FALSE
camara,1198512,Pré-Revisão II,,NA,NA,camara,FALSE
camara,1198512,Revisão II,Comissões,NA,NA,camara,FALSE
camara,1198512,Revisão II,Plenário,NA,NA,camara,FALSE
camara,1198512,Sanção/Veto,Presidência da República,NA,NA,presidência da república,FALSE
camara,1198512,Avaliação dos Vetos,Congresso,NA,NA,congresso,FALSE
senado,1489,Pré-Construção,,NA,NA,senado,TRUE
senado,1489,Construção,Comissões,1995-08-22T12:00:00Z,1995-11-29T12:00:00Z,senado,FALSE
senado,1489,Construção,Plenário,NA,NA,senado,TRUE
senado,1489,Pré-Revisão I,,NA,NA,senado,TRUE
camara,16526,Revisão I,Comissões,1996-05-13T00:00:00Z,2019-03-19T14:00:00Z,camara,FALSE
camara,16526,Revisão I,Plenário,2019-03-19T14:00:00Z,NA,camara,FALSE
camara,16526,Pré-Revisão II,,NA,NA,camara,FALSE
camara,16526,Revisão II,Comissões,NA,NA,senado,FALSE
camara,16526,Revisão II,Plenário,NA,NA,senado,FALSE
camara,16526,Sanção/Veto,Presidência da República,NA,NA,presidência da república,FALSE
camara,16526,Avaliação dos Vetos,Congresso,NA,NA,congresso,FALSE
senado,126049,Pré-Construção,,NA,NA,senado,TRUE
senado,126049,Construção,Comissões,2016-06-09T00:00:00Z,NA,senado,FALSE
senado,126049,Construção,Plenário,NA,NA,senado,FALSE
senado,126049,Pré-Revisão I,,NA,NA,senado,FALSE
senado,126049,Revisão I,Comissões,NA,NA,camara,FALSE
senado,126049,Revisão I,Plenário,NA,NA,camara,FALSE
senado,126049,Pré-Revisão II,,NA,NA,senado,FALSE
senado,126049,Revisão II,Comissões,NA,NA,senado,FALSE
senado,126049,Revisão II,Plenário,NA,NA,senado,FALSE
senado,126049,Sanção/Veto,Presidência da República,NA,NA,presidência da república,FALSE
senado,126049,Avaliação dos Vetos,Congresso,NA,NA,congresso,FALSE
camara,1307190,Pré-Construção,,NA,NA,camara,TRUE
camara,1307190,Construção,Comissões,2015-06-29T15:57:00Z,NA,camara,FALSE
camara,1307190,Construção,Plenário,NA,NA,camara,FALSE
camara,1307190,Pré-Revisão I,,NA,NA,camara,FALSE
camara,1307190,Revisão I,Comissões,NA,NA,senado,FALSE
camara,1307190,Revisão I,Plenário,NA,NA,senado,FALSE
camara,1307190,Pré-Revisão II,,NA,NA,camara,FALSE
camara,1307190,Revisão II,Comissões,NA,NA,camara,FALSE
camara,1307190,Revisão II,Plenário,NA,NA,camara,FALSE
camara,1307190,Sanção/Veto,Presidência da República,NA,NA,presidência da república,FALSE
camara,1307190,Avaliação dos Vetos,Congresso,NA,NA,congresso,FALSE
camara,2196833,Pré-Construção,,NA,NA,camara,TRUE
camara,2196833,Construção,Comissões,2019-04-12T17:04:00Z,NA,camara,FALSE
camara,2196833,Construção,Plenário,NA,NA,camara,FALSE
camara,2196833,Pré-Revisão I,,NA,NA,camara,FALSE
camara,2196833,Revisão I,Comissões,NA,NA,senado,FALSE
camara,2196833,Revisão I,Plenário,NA,NA,senado,FALSE
camara,2196833,Pré-Revisão II,,NA,NA,camara,FALSE
camara,2196833,Revisão II,Comissões,NA,NA,camara,FALSE
camara,2196833,Revisão II,Plenário,NA,NA,camara,FALSE
camara,2196833,Sanção/Veto,Presidência da República,NA,NA,presidência da república,FALSE
camara,2196833,Avaliação dos Vetos,Congresso,NA,NA,congresso,FALSE
